:0200000460009A
:100000004643464200000156000000000103030081
:1000100000000000000000000000000000000000E0
:1000200000000000000000000000000000000000D0
:1000300000000000000000000000000000000000C0
:1000400000000000010408000000000000000000A3
:100050000000800000000000000000000000000020
:100060000000000000000000000000000000000090
:100070000000000000000000000000000000000080
:10008000EB04180A063204260000000000000000FD
:10009000050404240000000000000000000000002F
:1000A0000000000000000000000000000000000050
:1000B0000604000000000000000000000000000036
:1000C0000000000000000000000000000000000030
:1000D00020041808000000000000000000000000DC
:1000E0000000000000000000000000000000000010
:1000F0000000000000000000000000000000000000
:10010000D8041808000000000000000000000000F3
:100110000204180804200000000000000000000095
:1001200000000000000000000000000000000000CF
:10013000600400000000000000000000000000005B
:1001400000000000000000000000000000000000AF
:10015000000000000000000000000000000000009F
:10016000000000000000000000000000000000008F
:10017000000000000000000000000000000000007F
:10018000000000000000000000000000000000006F
:10019000000000000000000000000000000000005F
:1001A000000000000000000000000000000000004F
:1001B000000000000000000000000000000000003F
:1001C000000100000010000001000000000000001D
:1001D000000001000000000000000000000000001E
:1001E000000000000000000000000000000000000F
:1001F00000000000000000000000000000000000FF
:10020000FFFFFFFFFFFFFFFFFFFFFFFFFFFFFFFFFE
:10021000FFFFFFFFFFFFFFFFFFFFFFFFFFFFFFFFEE
:10022000FFFFFFFFFFFFFFFFFFFFFFFFFFFFFFFFDE
:10023000FFFFFFFFFFFFFFFFFFFFFFFFFFFFFFFFCE
:10024000FFFFFFFFFFFFFFFFFFFFFFFFFFFFFFFFBE
:10025000FFFFFFFFFFFFFFFFFFFFFFFFFFFFFFFFAE
:10026000FFFFFFFFFFFFFFFFFFFFFFFFFFFFFFFF9E
:10027000FFFFFFFFFFFFFFFFFFFFFFFFFFFFFFFF8E
:10028000FFFFFFFFFFFFFFFFFFFFFFFFFFFFFFFF7E
:10029000FFFFFFFFFFFFFFFFFFFFFFFFFFFFFFFF6E
:1002A000FFFFFFFFFFFFFFFFFFFFFFFFFFFFFFFF5E
:1002B000FFFFFFFFFFFFFFFFFFFFFFFFFFFFFFFF4E
:1002C000FFFFFFFFFFFFFFFFFFFFFFFFFFFFFFFF3E
:1002D000FFFFFFFFFFFFFFFFFFFFFFFFFFFFFFFF2E
:1002E000FFFFFFFFFFFFFFFFFFFFFFFFFFFFFFFF1E
:1002F000FFFFFFFFFFFFFFFFFFFFFFFFFFFFFFFF0E
:10030000FFFFFFFFFFFFFFFFFFFFFFFFFFFFFFFFFD
:10031000FFFFFFFFFFFFFFFFFFFFFFFFFFFFFFFFED
:10032000FFFFFFFFFFFFFFFFFFFFFFFFFFFFFFFFDD
:10033000FFFFFFFFFFFFFFFFFFFFFFFFFFFFFFFFCD
:10034000FFFFFFFFFFFFFFFFFFFFFFFFFFFFFFFFBD
:10035000FFFFFFFFFFFFFFFFFFFFFFFFFFFFFFFFAD
:10036000FFFFFFFFFFFFFFFFFFFFFFFFFFFFFFFF9D
:10037000FFFFFFFFFFFFFFFFFFFFFFFFFFFFFFFF8D
:10038000FFFFFFFFFFFFFFFFFFFFFFFFFFFFFFFF7D
:10039000FFFFFFFFFFFFFFFFFFFFFFFFFFFFFFFF6D
:1003A000FFFFFFFFFFFFFFFFFFFFFFFFFFFFFFFF5D
:1003B000FFFFFFFFFFFFFFFFFFFFFFFFFFFFFFFF4D
:1003C000FFFFFFFFFFFFFFFFFFFFFFFFFFFFFFFF3D
:1003D000FFFFFFFFFFFFFFFFFFFFFFFFFFFFFFFF2D
:1003E000FFFFFFFFFFFFFFFFFFFFFFFFFFFFFFFF1D
:1003F000FFFFFFFFFFFFFFFFFFFFFFFFFFFFFFFF0D
:10040000FFFFFFFFFFFFFFFFFFFFFFFFFFFFFFFFFC
:10041000FFFFFFFFFFFFFFFFFFFFFFFFFFFFFFFFEC
:10042000FFFFFFFFFFFFFFFFFFFFFFFFFFFFFFFFDC
:10043000FFFFFFFFFFFFFFFFFFFFFFFFFFFFFFFFCC
:10044000FFFFFFFFFFFFFFFFFFFFFFFFFFFFFFFFBC
:10045000FFFFFFFFFFFFFFFFFFFFFFFFFFFFFFFFAC
:10046000FFFFFFFFFFFFFFFFFFFFFFFFFFFFFFFF9C
:10047000FFFFFFFFFFFFFFFFFFFFFFFFFFFFFFFF8C
:10048000FFFFFFFFFFFFFFFFFFFFFFFFFFFFFFFF7C
:10049000FFFFFFFFFFFFFFFFFFFFFFFFFFFFFFFF6C
:1004A000FFFFFFFFFFFFFFFFFFFFFFFFFFFFFFFF5C
:1004B000FFFFFFFFFFFFFFFFFFFFFFFFFFFFFFFF4C
:1004C000FFFFFFFFFFFFFFFFFFFFFFFFFFFFFFFF3C
:1004D000FFFFFFFFFFFFFFFFFFFFFFFFFFFFFFFF2C
:1004E000FFFFFFFFFFFFFFFFFFFFFFFFFFFFFFFF1C
:1004F000FFFFFFFFFFFFFFFFFFFFFFFFFFFFFFFF0C
:10050000FFFFFFFFFFFFFFFFFFFFFFFFFFFFFFFFFB
:10051000FFFFFFFFFFFFFFFFFFFFFFFFFFFFFFFFEB
:10052000FFFFFFFFFFFFFFFFFFFFFFFFFFFFFFFFDB
:10053000FFFFFFFFFFFFFFFFFFFFFFFFFFFFFFFFCB
:10054000FFFFFFFFFFFFFFFFFFFFFFFFFFFFFFFFBB
:10055000FFFFFFFFFFFFFFFFFFFFFFFFFFFFFFFFAB
:10056000FFFFFFFFFFFFFFFFFFFFFFFFFFFFFFFF9B
:10057000FFFFFFFFFFFFFFFFFFFFFFFFFFFFFFFF8B
:10058000FFFFFFFFFFFFFFFFFFFFFFFFFFFFFFFF7B
:10059000FFFFFFFFFFFFFFFFFFFFFFFFFFFFFFFF6B
:1005A000FFFFFFFFFFFFFFFFFFFFFFFFFFFFFFFF5B
:1005B000FFFFFFFFFFFFFFFFFFFFFFFFFFFFFFFF4B
:1005C000FFFFFFFFFFFFFFFFFFFFFFFFFFFFFFFF3B
:1005D000FFFFFFFFFFFFFFFFFFFFFFFFFFFFFFFF2B
:1005E000FFFFFFFFFFFFFFFFFFFFFFFFFFFFFFFF1B
:1005F000FFFFFFFFFFFFFFFFFFFFFFFFFFFFFFFF0B
:10060000FFFFFFFFFFFFFFFFFFFFFFFFFFFFFFFFFA
:10061000FFFFFFFFFFFFFFFFFFFFFFFFFFFFFFFFEA
:10062000FFFFFFFFFFFFFFFFFFFFFFFFFFFFFFFFDA
:10063000FFFFFFFFFFFFFFFFFFFFFFFFFFFFFFFFCA
:10064000FFFFFFFFFFFFFFFFFFFFFFFFFFFFFFFFBA
:10065000FFFFFFFFFFFFFFFFFFFFFFFFFFFFFFFFAA
:10066000FFFFFFFFFFFFFFFFFFFFFFFFFFFFFFFF9A
:10067000FFFFFFFFFFFFFFFFFFFFFFFFFFFFFFFF8A
:10068000FFFFFFFFFFFFFFFFFFFFFFFFFFFFFFFF7A
:10069000FFFFFFFFFFFFFFFFFFFFFFFFFFFFFFFF6A
:1006A000FFFFFFFFFFFFFFFFFFFFFFFFFFFFFFFF5A
:1006B000FFFFFFFFFFFFFFFFFFFFFFFFFFFFFFFF4A
:1006C000FFFFFFFFFFFFFFFFFFFFFFFFFFFFFFFF3A
:1006D000FFFFFFFFFFFFFFFFFFFFFFFFFFFFFFFF2A
:1006E000FFFFFFFFFFFFFFFFFFFFFFFFFFFFFFFF1A
:1006F000FFFFFFFFFFFFFFFFFFFFFFFFFFFFFFFF0A
:10070000FFFFFFFFFFFFFFFFFFFFFFFFFFFFFFFFF9
:10071000FFFFFFFFFFFFFFFFFFFFFFFFFFFFFFFFE9
:10072000FFFFFFFFFFFFFFFFFFFFFFFFFFFFFFFFD9
:10073000FFFFFFFFFFFFFFFFFFFFFFFFFFFFFFFFC9
:10074000FFFFFFFFFFFFFFFFFFFFFFFFFFFFFFFFB9
:10075000FFFFFFFFFFFFFFFFFFFFFFFFFFFFFFFFA9
:10076000FFFFFFFFFFFFFFFFFFFFFFFFFFFFFFFF99
:10077000FFFFFFFFFFFFFFFFFFFFFFFFFFFFFFFF89
:10078000FFFFFFFFFFFFFFFFFFFFFFFFFFFFFFFF79
:10079000FFFFFFFFFFFFFFFFFFFFFFFFFFFFFFFF69
:1007A000FFFFFFFFFFFFFFFFFFFFFFFFFFFFFFFF59
:1007B000FFFFFFFFFFFFFFFFFFFFFFFFFFFFFFFF49
:1007C000FFFFFFFFFFFFFFFFFFFFFFFFFFFFFFFF39
:1007D000FFFFFFFFFFFFFFFFFFFFFFFFFFFFFFFF29
:1007E000FFFFFFFFFFFFFFFFFFFFFFFFFFFFFFFF19
:1007F000FFFFFFFFFFFFFFFFFFFFFFFFFFFFFFFF09
:10080000FFFFFFFFFFFFFFFFFFFFFFFFFFFFFFFFF8
:10081000FFFFFFFFFFFFFFFFFFFFFFFFFFFFFFFFE8
:10082000FFFFFFFFFFFFFFFFFFFFFFFFFFFFFFFFD8
:10083000FFFFFFFFFFFFFFFFFFFFFFFFFFFFFFFFC8
:10084000FFFFFFFFFFFFFFFFFFFFFFFFFFFFFFFFB8
:10085000FFFFFFFFFFFFFFFFFFFFFFFFFFFFFFFFA8
:10086000FFFFFFFFFFFFFFFFFFFFFFFFFFFFFFFF98
:10087000FFFFFFFFFFFFFFFFFFFFFFFFFFFFFFFF88
:10088000FFFFFFFFFFFFFFFFFFFFFFFFFFFFFFFF78
:10089000FFFFFFFFFFFFFFFFFFFFFFFFFFFFFFFF68
:1008A000FFFFFFFFFFFFFFFFFFFFFFFFFFFFFFFF58
:1008B000FFFFFFFFFFFFFFFFFFFFFFFFFFFFFFFF48
:1008C000FFFFFFFFFFFFFFFFFFFFFFFFFFFFFFFF38
:1008D000FFFFFFFFFFFFFFFFFFFFFFFFFFFFFFFF28
:1008E000FFFFFFFFFFFFFFFFFFFFFFFFFFFFFFFF18
:1008F000FFFFFFFFFFFFFFFFFFFFFFFFFFFFFFFF08
:10090000FFFFFFFFFFFFFFFFFFFFFFFFFFFFFFFFF7
:10091000FFFFFFFFFFFFFFFFFFFFFFFFFFFFFFFFE7
:10092000FFFFFFFFFFFFFFFFFFFFFFFFFFFFFFFFD7
:10093000FFFFFFFFFFFFFFFFFFFFFFFFFFFFFFFFC7
:10094000FFFFFFFFFFFFFFFFFFFFFFFFFFFFFFFFB7
:10095000FFFFFFFFFFFFFFFFFFFFFFFFFFFFFFFFA7
:10096000FFFFFFFFFFFFFFFFFFFFFFFFFFFFFFFF97
:10097000FFFFFFFFFFFFFFFFFFFFFFFFFFFFFFFF87
:10098000FFFFFFFFFFFFFFFFFFFFFFFFFFFFFFFF77
:10099000FFFFFFFFFFFFFFFFFFFFFFFFFFFFFFFF67
:1009A000FFFFFFFFFFFFFFFFFFFFFFFFFFFFFFFF57
:1009B000FFFFFFFFFFFFFFFFFFFFFFFFFFFFFFFF47
:1009C000FFFFFFFFFFFFFFFFFFFFFFFFFFFFFFFF37
:1009D000FFFFFFFFFFFFFFFFFFFFFFFFFFFFFFFF27
:1009E000FFFFFFFFFFFFFFFFFFFFFFFFFFFFFFFF17
:1009F000FFFFFFFFFFFFFFFFFFFFFFFFFFFFFFFF07
:100A0000FFFFFFFFFFFFFFFFFFFFFFFFFFFFFFFFF6
:100A1000FFFFFFFFFFFFFFFFFFFFFFFFFFFFFFFFE6
:100A2000FFFFFFFFFFFFFFFFFFFFFFFFFFFFFFFFD6
:100A3000FFFFFFFFFFFFFFFFFFFFFFFFFFFFFFFFC6
:100A4000FFFFFFFFFFFFFFFFFFFFFFFFFFFFFFFFB6
:100A5000FFFFFFFFFFFFFFFFFFFFFFFFFFFFFFFFA6
:100A6000FFFFFFFFFFFFFFFFFFFFFFFFFFFFFFFF96
:100A7000FFFFFFFFFFFFFFFFFFFFFFFFFFFFFFFF86
:100A8000FFFFFFFFFFFFFFFFFFFFFFFFFFFFFFFF76
:100A9000FFFFFFFFFFFFFFFFFFFFFFFFFFFFFFFF66
:100AA000FFFFFFFFFFFFFFFFFFFFFFFFFFFFFFFF56
:100AB000FFFFFFFFFFFFFFFFFFFFFFFFFFFFFFFF46
:100AC000FFFFFFFFFFFFFFFFFFFFFFFFFFFFFFFF36
:100AD000FFFFFFFFFFFFFFFFFFFFFFFFFFFFFFFF26
:100AE000FFFFFFFFFFFFFFFFFFFFFFFFFFFFFFFF16
:100AF000FFFFFFFFFFFFFFFFFFFFFFFFFFFFFFFF06
:100B0000FFFFFFFFFFFFFFFFFFFFFFFFFFFFFFFFF5
:100B1000FFFFFFFFFFFFFFFFFFFFFFFFFFFFFFFFE5
:100B2000FFFFFFFFFFFFFFFFFFFFFFFFFFFFFFFFD5
:100B3000FFFFFFFFFFFFFFFFFFFFFFFFFFFFFFFFC5
:100B4000FFFFFFFFFFFFFFFFFFFFFFFFFFFFFFFFB5
:100B5000FFFFFFFFFFFFFFFFFFFFFFFFFFFFFFFFA5
:100B6000FFFFFFFFFFFFFFFFFFFFFFFFFFFFFFFF95
:100B7000FFFFFFFFFFFFFFFFFFFFFFFFFFFFFFFF85
:100B8000FFFFFFFFFFFFFFFFFFFFFFFFFFFFFFFF75
:100B9000FFFFFFFFFFFFFFFFFFFFFFFFFFFFFFFF65
:100BA000FFFFFFFFFFFFFFFFFFFFFFFFFFFFFFFF55
:100BB000FFFFFFFFFFFFFFFFFFFFFFFFFFFFFFFF45
:100BC000FFFFFFFFFFFFFFFFFFFFFFFFFFFFFFFF35
:100BD000FFFFFFFFFFFFFFFFFFFFFFFFFFFFFFFF25
:100BE000FFFFFFFFFFFFFFFFFFFFFFFFFFFFFFFF15
:100BF000FFFFFFFFFFFFFFFFFFFFFFFFFFFFFFFF05
:100C0000FFFFFFFFFFFFFFFFFFFFFFFFFFFFFFFFF4
:100C1000FFFFFFFFFFFFFFFFFFFFFFFFFFFFFFFFE4
:100C2000FFFFFFFFFFFFFFFFFFFFFFFFFFFFFFFFD4
:100C3000FFFFFFFFFFFFFFFFFFFFFFFFFFFFFFFFC4
:100C4000FFFFFFFFFFFFFFFFFFFFFFFFFFFFFFFFB4
:100C5000FFFFFFFFFFFFFFFFFFFFFFFFFFFFFFFFA4
:100C6000FFFFFFFFFFFFFFFFFFFFFFFFFFFFFFFF94
:100C7000FFFFFFFFFFFFFFFFFFFFFFFFFFFFFFFF84
:100C8000FFFFFFFFFFFFFFFFFFFFFFFFFFFFFFFF74
:100C9000FFFFFFFFFFFFFFFFFFFFFFFFFFFFFFFF64
:100CA000FFFFFFFFFFFFFFFFFFFFFFFFFFFFFFFF54
:100CB000FFFFFFFFFFFFFFFFFFFFFFFFFFFFFFFF44
:100CC000FFFFFFFFFFFFFFFFFFFFFFFFFFFFFFFF34
:100CD000FFFFFFFFFFFFFFFFFFFFFFFFFFFFFFFF24
:100CE000FFFFFFFFFFFFFFFFFFFFFFFFFFFFFFFF14
:100CF000FFFFFFFFFFFFFFFFFFFFFFFFFFFFFFFF04
:100D0000FFFFFFFFFFFFFFFFFFFFFFFFFFFFFFFFF3
:100D1000FFFFFFFFFFFFFFFFFFFFFFFFFFFFFFFFE3
:100D2000FFFFFFFFFFFFFFFFFFFFFFFFFFFFFFFFD3
:100D3000FFFFFFFFFFFFFFFFFFFFFFFFFFFFFFFFC3
:100D4000FFFFFFFFFFFFFFFFFFFFFFFFFFFFFFFFB3
:100D5000FFFFFFFFFFFFFFFFFFFFFFFFFFFFFFFFA3
:100D6000FFFFFFFFFFFFFFFFFFFFFFFFFFFFFFFF93
:100D7000FFFFFFFFFFFFFFFFFFFFFFFFFFFFFFFF83
:100D8000FFFFFFFFFFFFFFFFFFFFFFFFFFFFFFFF73
:100D9000FFFFFFFFFFFFFFFFFFFFFFFFFFFFFFFF63
:100DA000FFFFFFFFFFFFFFFFFFFFFFFFFFFFFFFF53
:100DB000FFFFFFFFFFFFFFFFFFFFFFFFFFFFFFFF43
:100DC000FFFFFFFFFFFFFFFFFFFFFFFFFFFFFFFF33
:100DD000FFFFFFFFFFFFFFFFFFFFFFFFFFFFFFFF23
:100DE000FFFFFFFFFFFFFFFFFFFFFFFFFFFFFFFF13
:100DF000FFFFFFFFFFFFFFFFFFFFFFFFFFFFFFFF03
:100E0000FFFFFFFFFFFFFFFFFFFFFFFFFFFFFFFFF2
:100E1000FFFFFFFFFFFFFFFFFFFFFFFFFFFFFFFFE2
:100E2000FFFFFFFFFFFFFFFFFFFFFFFFFFFFFFFFD2
:100E3000FFFFFFFFFFFFFFFFFFFFFFFFFFFFFFFFC2
:100E4000FFFFFFFFFFFFFFFFFFFFFFFFFFFFFFFFB2
:100E5000FFFFFFFFFFFFFFFFFFFFFFFFFFFFFFFFA2
:100E6000FFFFFFFFFFFFFFFFFFFFFFFFFFFFFFFF92
:100E7000FFFFFFFFFFFFFFFFFFFFFFFFFFFFFFFF82
:100E8000FFFFFFFFFFFFFFFFFFFFFFFFFFFFFFFF72
:100E9000FFFFFFFFFFFFFFFFFFFFFFFFFFFFFFFF62
:100EA000FFFFFFFFFFFFFFFFFFFFFFFFFFFFFFFF52
:100EB000FFFFFFFFFFFFFFFFFFFFFFFFFFFFFFFF42
:100EC000FFFFFFFFFFFFFFFFFFFFFFFFFFFFFFFF32
:100ED000FFFFFFFFFFFFFFFFFFFFFFFFFFFFFFFF22
:100EE000FFFFFFFFFFFFFFFFFFFFFFFFFFFFFFFF12
:100EF000FFFFFFFFFFFFFFFFFFFFFFFFFFFFFFFF02
:100F0000FFFFFFFFFFFFFFFFFFFFFFFFFFFFFFFFF1
:100F1000FFFFFFFFFFFFFFFFFFFFFFFFFFFFFFFFE1
:100F2000FFFFFFFFFFFFFFFFFFFFFFFFFFFFFFFFD1
:100F3000FFFFFFFFFFFFFFFFFFFFFFFFFFFFFFFFC1
:100F4000FFFFFFFFFFFFFFFFFFFFFFFFFFFFFFFFB1
:100F5000FFFFFFFFFFFFFFFFFFFFFFFFFFFFFFFFA1
:100F6000FFFFFFFFFFFFFFFFFFFFFFFFFFFFFFFF91
:100F7000FFFFFFFFFFFFFFFFFFFFFFFFFFFFFFFF81
:100F8000FFFFFFFFFFFFFFFFFFFFFFFFFFFFFFFF71
:100F9000FFFFFFFFFFFFFFFFFFFFFFFFFFFFFFFF61
:100FA000FFFFFFFFFFFFFFFFFFFFFFFFFFFFFFFF51
:100FB000FFFFFFFFFFFFFFFFFFFFFFFFFFFFFFFF41
:100FC000FFFFFFFFFFFFFFFFFFFFFFFFFFFFFFFF31
:100FD000FFFFFFFFFFFFFFFFFFFFFFFFFFFFFFFF21
:100FE000FFFFFFFFFFFFFFFFFFFFFFFFFFFFFFFF11
:100FF000FFFFFFFFFFFFFFFFFFFFFFFFFFFFFFFF01
:10100000D10020434D1600600000000000000000E9
:1010100020100060001000600074016000000000FB
:10102000000000600080010000000000FFFFFFFFE3
:10103000FFFFFFFFFFFFFFFFFFFFFFFFFFFFFFFFC0
:10104000FFFFFFFFFFFFFFFFFFFFFFFFFFFFFFFFB0
:10105000FFFFFFFFFFFFFFFFFFFFFFFFFFFFFFFFA0
:10106000FFFFFFFFFFFFFFFFFFFFFFFFFFFFFFFF90
:10107000FFFFFFFFFFFFFFFFFFFFFFFFFFFFFFFF80
:10108000FFFFFFFFFFFFFFFFFFFFFFFFFFFFFFFF70
:10109000FFFFFFFFFFFFFFFFFFFFFFFFFFFFFFFF60
:1010A000FFFFFFFFFFFFFFFFFFFFFFFFFFFFFFFF50
:1010B000FFFFFFFFFFFFFFFFFFFFFFFFFFFFFFFF40
:1010C000FFFFFFFFFFFFFFFFFFFFFFFFFFFFFFFF30
:1010D000FFFFFFFFFFFFFFFFFFFFFFFFFFFFFFFF20
:1010E000FFFFFFFFFFFFFFFFFFFFFFFFFFFFFFFF10
:1010F000FFFFFFFFFFFFFFFFFFFFFFFFFFFFFFFF00
:10110000FFFFFFFFFFFFFFFFFFFFFFFFFFFFFFFFEF
:10111000FFFFFFFFFFFFFFFFFFFFFFFFFFFFFFFFDF
:10112000FFFFFFFFFFFFFFFFFFFFFFFFFFFFFFFFCF
:10113000FFFFFFFFFFFFFFFFFFFFFFFFFFFFFFFFBF
:10114000FFFFFFFFFFFFFFFFFFFFFFFFFFFFFFFFAF
:10115000FFFFFFFFFFFFFFFFFFFFFFFFFFFFFFFF9F
:10116000FFFFFFFFFFFFFFFFFFFFFFFFFFFFFFFF8F
:10117000FFFFFFFFFFFFFFFFFFFFFFFFFFFFFFFF7F
:10118000FFFFFFFFFFFFFFFFFFFFFFFFFFFFFFFF6F
:10119000FFFFFFFFFFFFFFFFFFFFFFFFFFFFFFFF5F
:1011A000FFFFFFFFFFFFFFFFFFFFFFFFFFFFFFFF4F
:1011B000FFFFFFFFFFFFFFFFFFFFFFFFFFFFFFFF3F
:1011C000FFFFFFFFFFFFFFFFFFFFFFFFFFFFFFFF2F
:1011D000FFFFFFFFFFFFFFFFFFFFFFFFFFFFFFFF1F
:1011E000FFFFFFFFFFFFFFFFFFFFFFFFFFFFFFFF0F
:1011F000FFFFFFFFFFFFFFFFFFFFFFFFFFFFFFFFFF
:10120000FFFFFFFFFFFFFFFFFFFFFFFFFFFFFFFFEE
:10121000FFFFFFFFFFFFFFFFFFFFFFFFFFFFFFFFDE
:10122000FFFFFFFFFFFFFFFFFFFFFFFFFFFFFFFFCE
:10123000FFFFFFFFFFFFFFFFFFFFFFFFFFFFFFFFBE
:10124000FFFFFFFFFFFFFFFFFFFFFFFFFFFFFFFFAE
:10125000FFFFFFFFFFFFFFFFFFFFFFFFFFFFFFFF9E
:10126000FFFFFFFFFFFFFFFFFFFFFFFFFFFFFFFF8E
:10127000FFFFFFFFFFFFFFFFFFFFFFFFFFFFFFFF7E
:10128000FFFFFFFFFFFFFFFFFFFFFFFFFFFFFFFF6E
:10129000FFFFFFFFFFFFFFFFFFFFFFFFFFFFFFFF5E
:1012A000FFFFFFFFFFFFFFFFFFFFFFFFFFFFFFFF4E
:1012B000FFFFFFFFFFFFFFFFFFFFFFFFFFFFFFFF3E
:1012C000FFFFFFFFFFFFFFFFFFFFFFFFFFFFFFFF2E
:1012D000FFFFFFFFFFFFFFFFFFFFFFFFFFFFFFFF1E
:1012E000FFFFFFFFFFFFFFFFFFFFFFFFFFFFFFFF0E
:1012F000FFFFFFFFFFFFFFFFFFFFFFFFFFFFFFFFFE
:10130000FFFFFFFFFFFFFFFFFFFFFFFFFFFFFFFFED
:10131000FFFFFFFFFFFFFFFFFFFFFFFFFFFFFFFFDD
:10132000FFFFFFFFFFFFFFFFFFFFFFFFFFFFFFFFCD
:10133000FFFFFFFFFFFFFFFFFFFFFFFFFFFFFFFFBD
:10134000FFFFFFFFFFFFFFFFFFFFFFFFFFFFFFFFAD
:10135000FFFFFFFFFFFFFFFFFFFFFFFFFFFFFFFF9D
:10136000FFFFFFFFFFFFFFFFFFFFFFFFFFFFFFFF8D
:10137000FFFFFFFFFFFFFFFFFFFFFFFFFFFFFFFF7D
:10138000FFFFFFFFFFFFFFFFFFFFFFFFFFFFFFFF6D
:10139000FFFFFFFFFFFFFFFFFFFFFFFFFFFFFFFF5D
:1013A000FFFFFFFFFFFFFFFFFFFFFFFFFFFFFFFF4D
:1013B000FFFFFFFFFFFFFFFFFFFFFFFFFFFFFFFF3D
:1013C000FFFFFFFFFFFFFFFFFFFFFFFFFFFFFFFF2D
:1013D000FFFFFFFFFFFFFFFFFFFFFFFFFFFFFFFF1D
:1013E000FFFFFFFFFFFFFFFFFFFFFFFFFFFFFFFF0D
:1013F000FFFFFFFFFFFFFFFFFFFFFFFFFFFFFFFFFD
:10140000814205D051F8043B40F8043B8242F9D8B0
:10141000704700BF044A05494FF0000342F8043BFF
:101420009142FBD8704700BFC0820020C0880020D6
:101430002DE98848BFF34F8F00BF00BF00BF00BF3A
:1014400000F018F9684B0822C3F8542100BF00BF10
:1014500000BF00BF00BF00BF00BF00BF00BF00BF94
:1014600000BF00BF00BF00BF00BF00BF5F4A6049B0
:101470006048FFF7C5FF604A60496148FFF7C0FF59
:10148000604CFFF7C7FF4FF470004FF0E0210023DE
:101490005D4AC1F8880D44F823200133B02BFAD1FE
:1014A0005A4B80215A4A03F8011B9342FBD14FF05B
:1014B000E0254D4E4FF08039DFF884B1DFF884A18C
:1014C0004FF0FF31C5F8084D0027C6F80491C6F863
:1014D00000B1C6F8F490C6F8F0A0D5F8243DDFF8C6
:1014E000688143F4E0234B4AC5F8243DD8F81C300A
:1014F00023F07F0343F04003C8F81C30D8F82430B1
:1015000023F07F0343F04003C8F824309166D1668E
:101510001167516700F0B6F83F4B4049A363404B59
:10152000E36363236B610323AF612B613D4BC5F81C
:10153000203DD5F8FC3D43F08073C5F8FC3D3A4BA7
:101540001A6842F001021A605B680B6000F0E4FA6E
:10155000C6F804913548C6F800B1C6F8F490C6F84C
:10156000F0A000F085FCD8F86C10314B314A41F402
:101570004051C8F86C101F60C3F80871C3F81871A7
:10158000C3F82871C3F83871936BDB0708D442F6AF
:101590001563294951651365936B43F00103936308
:1015A000244A264C936843F00113936000F0F2F84C
:1015B00000F016FC00F048FC00F0DCFA00F05CF8EB
:1015C0002368132BFCD900F06DFB2368B3F5967FDD
:1015D000FBD300F055F800F051F800F03DFC00F0AE
:1015E0003FFC30BFFDE700BF00800D4018CF00007A
:1015F000901F006000000000C0820020ACEE006080
:101600000000002000800020850B000000E400E0C6
:10161000A0E400E000C00A40AD1F00006888002080
:10162000B11F000000002020001000E00046C3238E
:101630000040084000400D400000C0566C8800206B
:101640001B1018200C0D111300C00F40054B4FF458
:101650002A01054A05485A641864054A9963954663
:10166000FFF7E6FE00C00A40AFAAAAAA07002000C2
:1016700000000720704700BF704700BF704700BFE1
:1016800000BF704710B44FF0E02300211024314810
:10169000C3F8941DC3F89C4D1124C3F8A00D2E4827
:1016A000C3F89C4D1224C3F8A00D2C48C3F89C4DE0
:1016B0002B4AC3F8A00D2B4C42F015022A48C3F860
:1016C0009C4DC3F8A00D294C2948C3F89C4DC3F884
:1016D000A00D284CC3F89C2D2748284AC3F8A04DDC
:1016E000C3F89C0DC3F8A02D02F5A022244C0C32A7
:1016F0002448C3F89C4DC3F8A02D234AC3F89C0D81
:10170000224CC3F8A02D02F14062C3F89C4D204842
:10171000C3F8A02D0C32C3F89C0DC3F8A02D00BF58
:1017200000BF00BF00BF00BF0122C3F8942DBFF36C
:101730004F8FBFF36F8FC3F8501FBFF34F8FBFF3AF
:101740006F8FD3F8142D5DF8044B42F44032C3F888
:10175000142D70473F0000102500080709001000F5
:10176000C088002013002000210002071400002080
:1017700025000813090000101600202027000B1375
:1017800017000040180000602F000B0719000070C0
:101790001A000080F0B5B84B1822B84E0120B84F9F
:1017A00083B0C3F85C62B749C3F86072B64DC3F842
:1017B0006462A6F53046B54CC3F86862C3F86C5253
:1017C000C3F87052C3F87452C3F8785248F20C75DB
:1017D000DA661A675A679A67DA67C3F88020C3F82F
:1017E0008420C3F88820C1F82C03A94AC1F830032B
:1017F000C1F83403C1F83803C1F83C03C1F8500301
:10180000A169A44B0A40A448A4491343A44AA36174
:10181000D4F8843043F00C03C4F884304FF0FF3424
:10182000036843F00203036003682B404FF4005544
:101830001A439C4B026044608A689B4C13409B4A4D
:1018400043F000538360C36823F07803C360036AE6
:10185000134023430362036A1340954A2343954C84
:1018600043628262C2620022D1F8B83023F03F03A3
:1018700043F00103C0F8B830D1F8BC308E4923F0F2
:101880003F0343F00103C0F8BC3040F2056302613E
:1018900005660467C0F88030456644670224C0F8D6
:1018A0008430036823F0020303608161834B844921
:1018B000C46143F8042B8B42FBD1774A136843F091
:1018C00001031360136813F00103FBD17A4802216E
:1018D00040F2F564906140F29940D16140F2664176
:1018E000C2F8004242F20144C2F810127549C2F82F
:1018F0002002C2F8301240F235417348C2F8344237
:10190000C2F84012714CC2F8500242F201207049F4
:10191000C2F854120121C2F86042C2F864025E4863
:10192000C2F8A030C2F8A430C2F8B0104369DA0798
:10193000FCD5012300244FF4803257494361C0F89D
:10194000A040C0F8A420C0F8B0304B69DB07FCD53C
:10195000012300244FF400304F4A4B61C1F8A040EE
:10196000C1F8A400C1F8B0305369DF07FCD50123EA
:101970000024584848495361C2F8A040C2F8A40066
:10198000C2F8B0304B69DE07FCD5D1F8003145F61E
:101990000D5221209BB24861934265D100244FF43F
:1019A000802201233C48C1F8A040C1F8A420C1F81E
:1019B000B0304369DD07FCD501234FF4000400215A
:1019C000354A4361C0F8A040C0F8A410C0F8B03058
:1019D0005369DC07FCD501234FF400044FF4803039
:1019E0002D495361C2F8A040C2F8A400C2F8B0303B
:1019F0004B69D807FCD501234FF400044FF40030A5
:101A0000254A4B61C1F8A040C1F8A400C1F8B0302C
:101A10005369D907FCD501234FF400042D481E4912
:101A20005361C2F8A040C2F8A400C2F8B0304B69BC
:101A3000DA07FCD5D1F8003145F60D5221209BB2D2
:101A40004861934250D008254FF4000422490020F9
:101A5000224B234A009015705A1A01232148224430
:101A600000F0EEF903B0F0BD1E4B0022C3E90022E6
:101A7000C3E9022203B0F0BD00801F40F9B00100AD
:101A8000F910010000841F40F970010000C00F40F0
:101A9000FFFCFF1F000300A000402A4000802A40F6
:101AA0001200FFFFFF37F7004000008000FFF07CCE
:101AB000FF000F8363000200F05AF05A00422A40F0
:101AC00000432A409F041830EB06180A3806180A0B
:101AD00006320126040003000000007000000070C0
:101AE00092880020E88700204FF400044FF4802201
:101AF00001230848C1F8A040C1F8A420C1F8B030C3
:101B00004369DB07FCD5012310254FF08074436146
:101B10009CE700BF00402A40F0B4154A40274FF42C
:101B200080314FF480564FF400554FF4404443F257
:101B30004200136913F0020F0ED113F4005F0FD0AF
:101B400013F4805F0ED0002BF3DA13F4803F0BD137
:101B50005B060BD5F0BC7047946151619061E8E77A
:101B60005561E6E75661E4E79161E2E75761E0E736
:101B700000800D403F4A03203F49F3EE095AD2F856
:101B800080304FF0000C9FED3D6A23F001039FED84
:101B90003C5A30B4C2F88030C2F89000D1F8E0105E
:101BA000384DCBB2384C39482B6007EE903A0B0DCC
:101BB000C1F30B21F8EEE77A06EE903A07EE101A21
:101BC000334BB8EEC77A2160F8EEE66A314937EE5A
:101BD000C66A37EEC55A76EEC76A77EEE57A26EE24
:101BE000266AC3ED006A25EE265AD2F8803067EEE9
:101BF000A64AC0ED007AC6EE275A274885EE276A26
:101C0000C4EEA76A75EE875AFCEEE55A36EE076A0F
:101C100015EE904ABCEEC66A43EA045376EE877A24
:101C2000C2F8803016EE103AD2F89041FCEEE77A16
:101C300001EA0341214317EE903AC2F89011C3F331
:101C40000B03D2F890110B431449C2F89031D2F82B
:101C5000803043F00203C2F88030114B80F840C05E
:101C6000C1F840314FF0E023012230BCC3F8082115
:101C7000704700BF00810D4000441F400000AA4291
:101C80000000B44258880020548800205C8800205E
:101C9000608800200000FF0F00E400E000800020CA
:101CA0006D0D0000314B40F6617210B5C3F8202174
:101CB00040F2044400F0CCF82D4A2E49D2F880308E
:101CC0002D4843F00303C2F880302C4BC1F860412B
:101CD00002681A4203D1D1F8A8319A071BD0254ACD
:101CE0004FF00041244B5963D2F8403143F00203D6
:101CF000C2F84031D2F840319B07FBD44FF400309A
:101D00004FF0E0211C4B4FF00042C1F88C0219202B
:101D10009A6300F0A9F8184A4FF08040154C002152
:101D200090630A20164B11604FF42072C4F8A8018A
:101D3000184600F0A1F84FF4800203464FF48100EA
:101D400040F243111860C4F858311A640D4B0E4A22
:101D5000C4F84811C3F804224FF0E0224FF40031D8
:101D60000123C2F80C11C4F8403110BD00800D40B1
:101D700000C00F4000002E4000900D40001C1E00CF
:101D80000000002000800020550F000008B50E4B19
:101D90001B6E9B0700D4FBBE72B60C4B00200C4A96
:101DA000C3F8400103F160430A49A3F55F231164BE
:101DB0009D46BFF34F8F4FF400130748074ADB6976
:101DC00002609B68984700BF00441F4000002E40FF
:101DD00000C00A400300200000802020000012EB19
:101DE000104BA020104AD96E41F4403110B4D9668E
:101DF00040F23764D96E41F44071D96654649064FE
:101E0000936C1B06FCD4094A40F23761A02351644D
:101E10009364936C13F08003FBD1054A13705DF853
:101E2000044B704700C00F4000400C4000800C4045
:101E300091880020F8B500BFF8BC08BC9E467047EA
:101E40005FF800F0312300005FF800F0910A000015
:101E50005FF800F0C51600005FF800F0795F000041
:101E60005FF800F0ED0600005FF800F0D505000017
:101E70005FF800F0D11F00005FF800F0C95E0000BD
:081E80004500000049030000C9
:101E880016035500530042002000530065007200FD
:101E9800690061006C0000001803540065006500CB
:101EA8006E00730079006400750069006E006F00B1
:101EB8000403090409026200030100C032080B0090
:101EC80002020201000904000001020201000524C7
:101ED800001001052401010104240206052406005E
:101EE800010705820310001009040100020A00001E
:101EF80000070503024000000705840240000009AE
:101F080004020002FF6AFF00070581024000010782
:101F1800050102400001000009026200030100C03F
:101F280032080B000202020100090400000102024B
:101F38000100052400100105240101010424020602
:101F480005240600010705820310000509040100A5
:101F5800020A0000000705030200020007058402C8
:101F68000002000904020002FF6AC7000705810297
:101F78000002010705010200020100000A06000232
:081F8800EF020140010000001E
:101F90000000000000000000000000000000000041
:101FA0000000000000000000000000000000000031
:101FB0000548064B1B1AD90F01EBA301491002D0AB
:101FC000034B03B118477047C0820020C082002035
:101FD0000000000008B5054B1BB105490548AFF3EB
:101FE0000080BDE80840FFF7E3BF00BF000000002D
:101FF000048800200080016030B5002187B00446CD
:1020000000F0A6FA6D2803D0652862D007B030BD75
:1020100000232068039304930593002800F0C880F0
:1020200005AC04AB03AA6349009403F0D7FE012872
:10203000ECDDDDED037A0328049B5F4CF5EEC07AFE
:102040005E4D236008BF059B5D4A08BF2B60F1EE23
:1020500010FAC2ED007A31D4F2EE046AF4EEE67AB8
:10206000F1EE10FA79DDFF21062000F035FCD4ED09
:10207000007AF5EEC07AF1EE10FA00F18380F2EE0C
:10208000046AF4EEE67AF1EE10FA40DDFF21072053
:1020900000F022FCD5ED007AF5EEC07AF1EE10FAF0
:1020A0007BD4F2EE046AF4EEE67AF1EE10FA41DD4A
:1020B000FF21082000F010FC07B030BD9FED417AF1
:1020C000DFED417A27EE277AFDEEC77A17EE901AF8
:1020D000CAE702213D4801F025FE00213C4800F0FE
:1020E00053F901213B4801F01DFE0021384800F062
:1020F0004BF90121374801F015FE0021344800F06A
:1021000043F9334807B0BDE8304000F049B9BAEEB2
:10211000047AF4EEC77AF1EE10FAB7D4F0EEE77A6B
:10212000B7EE006A87EEA67AB4EEC67AF1EE10FA40
:10213000ACDC29E0BAEE047AF4EEC77AF1EE10FADC
:10214000B6D4F0EEE77AB7EE006A87EEA67AB4EE80
:10215000C67AF1EE10FAABDC21E0BAEE047AF4EEC6
:10216000C77AF1EE10FA3FF57EAFF0EEE77AB7EE00
:10217000006A87EEA67AB4EEC67AF1EE10FA3FF75F
:1021800072AF9DE79FED0F7ADFED0F7A27EE277A8A
:10219000FDEEC77A17EE901A79E79FED0A7ADFED28
:1021A0000A7A27EE277AFDEEC77A17EE901A80E7B3
:1021B000094835E798030020CC870020D08700200D
:1021C000C88700200000000000007F43A403002017
:1021D000A0780020A8030020707700202DE9F843A4
:1021E000244D40F2EE28244C244FDFF894902E68C2
:1021F00001F016FE237883B33B78DA072DD52B68E0
:10220000D9F800209B1A0E2B27D901F009FE23785C
:10221000002BFAD03B78DB07F7D52B68D9F80020E4
:102220009B1A0E2BF1D90121062000F0EFF90121B4
:10223000072000F0EBF90121082000F0E7F9002168
:10224000062000F049FB0021072000F045FB00219B
:102250000820BDE8F84300F03FBB2B6822789B1BA9
:102260002AB1B3F5FA6FD0D801F0DAFDC0E74345E3
:10227000FAD9CAE76C8800209A8800209988002043
:102280007C88002038B5124C124D01F0E1FC00288A
:102290000DDD01F021FDC1B20A290DD00D29204626
:1022A0000AD000F045F901F0D3FC0028F1DC012050
:1022B000BDE8384000F056B9A368002BE5D02046B1
:1022C000FFF79AFE2946204600F0E0F8DDE700BF60
:1022D000F8870020E003002010B5064C00212046BE
:1022E00000F07AF82046044A0449BDE8104002F0A4
:1022F00029B800BFF8870020B878002085040000C6
:10230000084601F0F9BC00BF012A70B508BF0A22D7
:102310008AB091B34FF0210E01E05FFA86FE0EF114
:10232000FF36B1FBF2F502FB15145FFA84FC092CB1
:102330000CF137040CF1300C98BF5FFA8CF40EF1FD
:10234000280C88BFE4B29142EC4429460CF8244C96
:10235000E3D24BB10EF1FF3E2D225FFA8EFE0EF15D
:1023600028036B4403F8242C036801A9CEF1220250
:102370005B68714498470AB070BD30224FF0210E5F
:102380008DF82520E5E700BF002903DB00230A22A2
:10239000FFF7BABF49422D230A22FFF7B5BF00BF9E
:1023A00000B5036883B040F60D2C022201A95B68DA
:1023B000ADF804C0984703B05DF804FB054B022854
:1023C00088BF034610B41C68184663685DF8044B68
:1023D000184700BFA0780020F8B500260446C0E9E1
:1023E0000066866029B108460D4606F011FE0746D4
:1023F00008B92046F8BD013005F0A8F90028F8D04A
:10240000294606702060C4E9017705F02FFF2046B9
:10241000F8BD00BF10B50446006805F09FF92046DE
:1024200010BD00BFF8B50446154632B9036803B1C4
:102430001A7000232046A360F8BD43680E469A42F6
:102440001CD9511C006806F0F1FC074660B1A36876
:10245000C4E900050BB90370276831463846A5600A
:1024600005F004FF2046F8BD206810B105F076F9AC
:10247000276000232046C4E90133F8BD07683146D0
:10248000A560384605F0F2FEECE700BF38B505461A
:102490000C4649B1084606F0BBFD214602462846D7
:1024A000FFF7C0FF284638BD2846A96038BD00BFE9
:1024B0002DE9F843044600680D4616468842A36895
:1024C00009D8C218914206D20F1A4FF0010936B945
:1024D0002046BDE8F8834FF00009002EF8D003EB4A
:1024E0000608626890450CD908F1010106F09EFCCF
:1024F0000028EDD0A368C4E9000813B90370206870
:10250000A368B9F1000F08D12946184405F0AEFEC2
:102510002046C4F80880BDE8F8833246C119184443
:1025200000F0B4F82368002203F80820F0E700BFA9
:1025300010B582B00023044601228DF8041001A9D1
:102540008DF80530FFF7B4FF204602B010BD00BF84
:102550008368994203D2006810B1405C7047002044
:10256000704700BF00B970472DE9F84F012181463F
:10257000214C224D224E54E8003F2A68306844E83E
:102580000013002BF7D11F494B684FF47A7BDFF81B
:1025900078A01B1A01270BFB02F8DAF80020A3FB36
:1025A00002325A4594BF9044D84454E8003F2A6808
:1025B000306844E80073002BF7D14B68DAF800C0AC
:1025C0001B1A0BFB02F2A3FB0C3CBCF57A7F94BFF9
:1025D000624402F57A72A2EB0802B2F57A7F06D362
:1025E000B9F1010908F57A78DFD1BDE8F88F01F07B
:1025F00017FC0449D9E700BF708800206C880020D0
:1026000068880020001000E064880020362829D85F
:10261000164B0201012903EB00109A5810B45368BD
:10262000C4680ED004290CD023EA040353608368E5
:10263000A9B1022917D003290CBF0D4A0D4A1A600F
:1026400007E0234301295360836808D040F638022D
:102650001A60436815225DF8044B1A6070473822EF
:102660001A60F6E77047044A1A60F2E70872002021
:10267000383001003800010038F0010008B5FFF7DC
:10268000ADFDFFF7FFFD01F0CBFBFAE7844641EA21
:10269000000313F003036DD1403A41D351F8043BDA
:1026A00040F8043B51F8043B40F8043B51F8043B2C
:1026B00040F8043B51F8043B40F8043B51F8043B1C
:1026C00040F8043B51F8043B40F8043B51F8043B0C
:1026D00040F8043B51F8043B40F8043B51F8043BFC
:1026E00040F8043B51F8043B40F8043B51F8043BEC
:1026F00040F8043B51F8043B40F8043B51F8043BDC
:1027000040F8043B51F8043B40F8043B51F8043BCB
:1027100040F8043B51F8043B40F8043B403ABDD23A
:10272000303211D351F8043B40F8043B51F8043BDC
:1027300040F8043B51F8043B40F8043B51F8043B9B
:1027400040F8043B103AEDD20C3205D351F8043B6B
:1027500040F8043B043AF9D2043208D0D2071CBF37
:1027600011F8013B00F8013B01D30B880380604660
:10277000704700BF082A13D38B078DD010F00303D6
:102780008AD0C3F10403D21ADB071CBF11F8013B46
:1027900000F8013B80D331F8023B20F8023B7BE795
:1027A000043AD9D3013A11F8013B00F8013BF9D2C0
:1027B0000B7803704B7843708B788370604670475A
:1027C00001F1FF3C70B56646002400E00134B0FB27
:1027D000F2F502FB1503092B03F1370E03F1300369
:1027E0005FFA8EFE98BF5FFA83FE9042284606F895
:1027F00001EFEBD2631C0022C818CA547CB16246B8
:102800001CF8015F10F8016DA1EB0C0302328CF88B
:102810000060013B521A057023449A42EFDB0846E0
:1028200070BD00BF4FF0010C0CFA01FC01EB41013F
:1028300000EB411170B5B1F80EE01FFA8CF5254C94
:102840001FFA8EFE24782E010EFB033306F0F006ED
:10285000E340B0F888417345A4B228BF73463443BF
:10286000012AA0F888410DD0022A28D0C2B10CF06C
:102870000F02B0F888C11FFA8CFC4CEA020CA0F8D9
:1028800088C170BD9BB20CF00F022D02CB82B0F854
:10289000803105F470659BB22B43A0F88031E8E7E6
:1028A000AEEB030E0CF00F021FFA8EFEA1F80AE049
:1028B000B0F880319BB21343A0F88031D9E79BB2C6
:1028C0000CF00F02CB83B0F880319BB21E43A0F80E
:1028D0008061CEE7AE7E002036284BD8F8B52A4D71
:1028E000044615F8202005EB8005012A2DD0022A88
:1028F0003FD16B78C3F3011003283ED0234A02EB8B
:10290000803203F0030C224889B2634602EB4C1C70
:102910000678BCF806E05801BCF810301FFA8EFEAD
:10292000CEF1011E1EFA83F303F1FF3E0EFB01F10F
:10293000F1408E4523D95B1AC3F101039BB289B2E2
:102940000244ACF8063011820DE06A78C2F301133C
:10295000032B10D00F4800EB83308BB202F0030141
:10296000AA78FFF75FFF0C4BEA7803EB04135B6870
:102970001A60F8BD70470948EFE7094AC1E7991E98
:102980004FF6FF73DBE700BFAC75002000C01D40B1
:10299000AE7E002000C03D400872002000803E4016
:1029A00000801E4000230F2248F2B82C194610B5B3
:1029B0004FF470444FF4806EA0F88C414FF46044A3
:1029C000A0F88E210A46A0F89031B0F888319BB269
:1029D00043F0F003A0F8883101EB4103013100EB33
:1029E000431304299C80A3F806E05A841A865A806F
:1029F0005A81A3F80EC05A82DA825A83DA83EBD165
:102A0000B0F888319BB243F00F03A0F88831B0F8DA
:102A100088319BB243F47063A0F8883110BD00BFC9
:102A2000374B384A996F384841F47F0170B5996740
:102A300041F20106D3F8801045F6C05543F2260452
:102A40000A43C3F88020FFF7ADFF00F58040FFF791
:102A5000A9FF00F58040FFF7A5FF00F58040FFF7D4
:102A6000A1FF0022A0F503104FF00F0E114600EB5E
:102A700042134FEA421C01329981042A5981A3F87A
:102A80000EE09E82DD8020F80C1019829C81EED130
:102A900000221E484FF00F0E41F20106114645F686
:102AA000C05543F2260400EB42134FEA421C0132A8
:102AB0009981042A5981A3F80EE09E82DD8020F8D6
:102AC0000C1019829C81EED1002211480F2641F290
:102AD0000105114645F6C05443F2260E00EB4213A1
:102AE0004FEA421C01329981042A5981DE819D827C
:102AF000DC8020F80C101982A3F80CE0EED170BD38
:102B000000C00F40000003FC00C03D4000001E401C
:102B100000401E4072B6EFF30583524CC4F8843077
:102B20001EF0040F0CBFEFF30882EFF309824FF0A1
:102B3000E0234D4E4D4DD3F8280DD3F82C1DC4E99C
:102B40002201D3F8341DD3F8383DC4E92413936926
:102B5000C4F89830D369C4F89C3000F0D1F884ED03
:102B6000280A01F075FB0B214FF0FF32C4F8A400D6
:102B70000B46C4F880103E49301D5A40202402F014
:102B80000103013C01FB03F383EA5202F7D1A8429F
:102B900002D073680646EFE7324BC3F8A820BFF3B4
:102BA0004F8F4FF0E0233049324AC3F8701FC3F80B
:102BB000702FBFF34F8FBFF36F8F2F4A02252F481F
:102BC000D36E2F4943F44053D3660560D3692D4833
:102BD00023F07F0343F04003D3610B6883423DD869
:102BE000264D00214FF0E0234FF0FF3229600126EF
:102BF000C5F808112449C5F80011C5F80861C3F8E3
:102C00008021C3F88421C3F88821C3F88C21C3F83C
:102C1000902101E000F066F9D5F80C31002BF9D0D5
:102C20000134C5F80C614F2CF4D9184B0220184917
:102C30004FF00042C1F840015A63D5F80C313BB95E
:102C4000144815490D4A0163D2F80C31002BFAD013
:102C50004FF0E023114AC3F80C2DFEE701F080F994
:102C6000BEE700BF00FF272080FF2720A8FF272006
:102C70002083B8EDA0FF272000C00F40004008408F
:102C80009C780020803DCD0B009F240000900D40DB
:102C900000002E4000800F40F100AD0B0400FA054B
:102CA0000A490A6838B108B513180948834204D89C
:102CB00010460B6008BD1046704703F019F90C234D
:102CC0004FF0FF320360104608BD00BFB47800200B
:102CD00000002820002070474FF0FF30704700BFF1
:102CE0004FF4005300204B60704700BF0120704735
:102CF0004FF0FF30704700BF30BFFDE7FFF70ABF5E
:102D0000124AD2F880305B07FBD5D2F880301048E9
:102D1000C3F30B230F4990ED007A07EE903A91ED43
:102D2000006AB8EE477A0C4AF8EEE77A0B4BD2ED20
:102D3000006A77EEC77A93ED007AB8EE477A67EECD
:102D4000867A87EEA60A37EE400A704700810D406A
:102D5000548800205C88002060880020588800206B
:102D6000836BF0B41BB1536843F40043536072B6F5
:102D7000446B3CB31A4B2260D3F8B0410C421DD1D6
:102D8000184E776804E07468E41BB4F5166F0BD234
:102D9000D3F8404144F48044C3F84041D3F8B851DB
:102DA000D3F840416404EED50D4007D10C4CC0E986
:102DB0000225D4F8B0310B43C4F8B031426362B697
:102DC000F0BC7047064DC0E90224D5F8B0310B4382
:102DD000C5F8B0310263426362B6F0BC704700BF11
:102DE00000002E40001000E070B5056B9DB1064656
:102DF0002A46002403E012680134012A0CD05368EB
:102E000013F08003F7D032632CB12846B36B2D68E2
:102E10009847013CF9D170BDC6E90C33F4E700BF17
:102E200030B4D9B91F4C204B0021204A01254FF066
:102E3000011099601D60C4E9023180245C60C2F811
:102E4000BC01D2F8B0311A482B43C2F8B03101604E
:102E5000D2F8B031002BFBD130BC70470904154BC0
:102E6000104C012541F080019860104A596000F52E
:102E700080511D60D96000F50051A364196100F50F
:102E8000405100F58040596100219861E164D2F819
:102E9000B03143F48033C2F8B031D2F8B031002BF6
:102EA000FBD1C0E700000020C082002000002E40BF
:102EB000DC870020E0820020084901220B7802FA1A
:102EC00000F023EA0000087030B9054AD2F8483112
:102ED00023F08003C2F84831704700BF9588002076
:102EE00000002E402DE9F04F974C83B0D4F8447188
:102EF000FB07C4F8447153D5D4F8AC21002A4AD05A
:102F0000924EDFF860A2DFF87492DFF874B2DFF857
:102F10007482C4F8AC21D6E90A20D4F8403143F4D5
:102F20000053C4F84031D4F840319D04F5D5D4F8AD
:102F3000403123F40053C4F840314FF00113C4F87A
:102F4000B431D4F8B45115F00115FAD193B28446D6
:102F5000CAF80050B3F5086F00F0CF8100F2DB80B3
:102F600040F202318B4200F0E78100F29A80822B1E
:102F700000F0CB81B3F5817F40F08A8010F0780FAC
:102F800083B200F003824FF00113C4F8C031D4F8CB
:102F9000AC21002ABDD16C4AD2F8BC31002B42D101
:102FA0007E0616D5684BD3F8AC21C3F8AC21D3F814
:102FB000BC21C3F8BC21D3F8B041002CFBD14FF0A9
:102FC000FF32C3F8B421D3F8843100F02DFD604BFB
:102FD0001C60FC0103D55F4B1B6803B19847B80127
:102FE00003D55D4B1B6803B19847790708D5564B4D
:102FF000D3F8843113F4007347D0584B01221A7070
:10300000514BD3F848311A060AD53B0608D5544A25
:1030100013782BB1013BDBB21370002B00F07282EE
:1030200003B0BDE8F08F4F49C2F8BC3108680342D5
:1030300040F0D181464A14681C40B1D05FEA144880
:1030400010D0424E4FF0010998FAA8F5B5FA85F56F
:1030500006EBC51009FA05F54030FFF7C5FE38EA62
:103060000508F1D1A4B2002C9AD0384E4FF00108D7
:1030700094FAA4F5B5FA85F506EBC51008FA05F53E
:10308000FFF7B2FEAC43F3D18AE7344A1370B7E7D7
:10309000802B7FF478AF344802210580FFF7C0FE13
:1030A00075E7B3F5A06F00F00B81A3F5D063012B9A
:1030B0003FF669AF2D4B5D68002D3FF464AF1FFAFA
:1030C0008CFC4FEA124E04E01D690C33002D3FF4D6
:1030D0005AAF1A887245F7D15A886245F4D14FEA3F
:1030E0001E22032A00F0A5811A89000C824228BF03
:1030F0000246BEF5007F40F0A181184B1C491878AC
:103100001C4B0192002818BF19461B48FFF7BEFA56
:10311000194D019AE1E142F221218B427CD033D951
:1031200042F221318B4200F081804FF6C0018B4288
:103130007FF429AF10F47F4F83B27FF424AF43F4C0
:103140006E4363F30F0CB5E700002E400000002033
:10315000E087002080880020848800209B88002051
:103160009C880020DC8700201C880020CC76002072
:10317000BC1E0060201F006000002020D4870020BB
:103180005DCFC6B8C0012E40B3F5106F66D042F2D5
:1031900021018B427FF4F7AE030C072B7FF4F3AED3
:1031A000B24BB349F560D960B249B360C3F8089037
:1031B000C1E9002001221A60AF4A5A60AF4A1A6181
:1031C000D4F8B01141F00101C4F8B01102F58051FA
:1031D00002F5005259619A61D4F8B031002BFBD14D
:1031E000A74AF36493600123B264136048F280033A
:1031F00053604FF00113C4F8BC31D4F8B03143F43C
:103200008033C4F8B0314FF48033CAF80030D4F8BA
:10321000B031002BFBD1BAE680B238B9994BC2F37A
:1032200007421968984B1960984B1A70944B00220A
:103230009A60F2640122B3641A6080225A604FF0EF
:103240000113C4F8BC31D4F8B03143F48033C4F86E
:10325000B031D4F8B031002BFBD198E6C2F307426D
:103260008B4B1A708B4BC4F8C8318B4BC4F8CC31E4
:103270008A4BC4F8D03100F0D9FB80222946884817
:1032800004F0EAFD874B8022C6F8A0B0C6F8E03013
:103290007B4BF5645A600122B3649D601A604FF065
:1032A0000113C4F8BC31D4F8B03143F48033C4F80E
:1032B000B031CAF80050D4F8B031002BFBD166E62B
:1032C0006F4B0121F564196080219D60B3645960E2
:1032D0004FF00113C4F8BC31D4F8B03143F480335B
:1032E000C4F8B031D4F8B031002BFBD1130C5B061D
:1032F00043F08073C4F8543149E6654B01216A48B4
:103300001B780370FFF78CFD41E683B210F0780064
:103310007FF439AE03F07F0258F82210624A108021
:10332000180600F19E80CB0701D5012313700221FE
:103330005D48FFF775FD2AE610F0780F83B27FF441
:1033400022AE03F07F0213F0800F58F8223014BF32
:1033500043F4803343F0010348F822300022484B05
:10336000F2649A600122B3641A6080225A604FF0BE
:103370000113C4F8BC31D4F8B03143F48033C4F83D
:10338000B031D4F8B031002BFBD100E603F07F025E
:1033900013F0800F58F8223014BF23F4803323F049
:1033A000010348F822300022354BF2649A60012272
:1033B000B3641A6080225A604FF00113C4F8BC3124
:1033C000D4F8B03143F48033C4F8B031D4F8B0311C
:1033D000002BFBD1DBE50020086026490C884868FB
:1033E00042F221018C427FF425AE80B200287FF4A6
:1033F00021AE2E492E4C03C9A18086284FEA1141E7
:103400002060A1717FF416AE72B62A48017841F0AF
:1034100008010170D2F848110D0605D4802001433F
:10342000C2F84401C2F8481162B6234A5021117013
:1034300000E6000C2A78824228BF0246BEF5E06F03
:1034400044D11E4B1E4D18781E491F4B0192002877
:1034500018BF19462846FFF719F907236B70019A20
:103460003BE0C9033FF561AF61E700BFE0820020A8
:10347000D49700208084002080000700D4A700207B
:10348000C08200206C8800207C8800209988002061
:103490009A8800200200CC00C80002000200C80088
:1034A000800000201993D5741C880020D487002048
:1034B00074880020958800209C8800209B8800202C
:1034C00000002020201F0060BC1E00602946104D17
:1034D00001922846FFF7DAF8019A25F01F031544F8
:1034E000BFF34F8F4FF0E021C1F8703F20339D4272
:1034F000FAD8BFF34F8FBFF36F8F05481146FFF720
:103500008FFC44E50320FFF7D7FC0BF0C5FC00BFA0
:10351000000020202DE9F0471F46831E022B01D911
:10352000BDE8F087DFF84C9015460C463C2209EBCD
:10353000C01806464FEAC01A002108F1040024040E
:1035400004F08AFCB5FA85F20123520944EA427478
:1035500049F80A40C8F83870C8F80830002FDFD0A2
:10356000034AB34011680B431360BDE8F08700BF06
:10357000E0870020000000202DE9F0470D46811E65
:10358000022901D9BDE8F087C701DFF84C909246C7
:10359000044640373C2200211E4609EB07082D0453
:1035A00008F1040004F058FCBAFA8AF2520945EA1C
:1035B000427249F807200122C8F83860C8F808208C
:1035C000002EDFD0034B10341968A2400A431A6062
:1035D000BDE8F087E0870020000000201204816031
:1035E000C36101F5405342F0800210B401244260EF
:1035F00001F50052046001F5805401F58041C4607A
:1036000081615DF8044BC0E904237047831E0A46BC
:10361000022B00D97047064B00F110014FF0010C4E
:1036200003EBC0100CFA01F14030FFF799BB00BF6B
:1036300000000020831E0A46022B00D9704701219A
:10364000024B814003EBC010FFF78ABB0000002053
:1036500040687047124A134BD2F8200220F07F4096
:10366000984210B584B002D200EB800040000E4CAE
:1036700001A90A22FFF7A4F801A90023204611F8A6
:10368000012B01333AB10A2B20F8022FF7D1162370
:10369000237004B010BD5B00DBB2237004B010BD1A
:1036A00000441F4080969800987E002000F0DCBA0D
:1036B00000F0ACBA00F010BB00F0CABA00F066BB74
:1036C00000F03CBB0846114600F02CBBF8B5144C8A
:1036D0004FF0E025134E4FF4003204EB4024124F1C
:1036E00006EB40160346C5F88C2121463A88304641
:1036F000FFF774FF3B882344BFF34F8FC5F85C4F3F
:103700002034A342FAD8BFF34F8FBFF36F8F03204B
:103710003146FFF78FFF4FF40033C5F80C31F8BD89
:10372000800020200083002088880020244B2DE981
:10373000F0411C884368C569C3F30E43E41A002CAA
:1037400024DD204920480A780078D3B21F4E8242F7
:103750001F4807D010F8038036F81870C7F50072BC
:10376000944218D90133002226F81540082B194E2F
:1037700088BF134626F8152098BFDAB2C554164BF9
:103780000A701A6814441C60BDE8F0812846BDE840
:10379000F041FFF79BBF07EB482010492246274422
:1037A000084401EB4521FEF771FF0B4A284626F835
:1037B000187013682344BDE8F0411360FFF786BF1B
:1037C0008888002093880020948800202888002082
:1037D000488800203888002024880020800020208D
:1037E0001D4B1A78002A36D102F0FF031B4A1278CB
:1037F0008AB32DE9F0411A4D2A8852B3194EC2F509
:103800000068194F3278194C07EB421704EBC224B9
:10381000424638462146FFF7E1FE04EB0802BFF3BB
:103820004F8F4FF0E023C3F8704F2034A242FAD8F4
:10383000BFF34F8FBFF36F8F04203946FFF7E6FECB
:1038400033780133DBB2032B88BF002333700023AE
:103850002B80BDE8F0817047988800209A8800206E
:103860008A88002097880020008400208010202073
:103870002DE9F04F85B0CDE90110002900F0BF809F
:103880000023604CDFF89881DFF898A15E4F009329
:1038900001235E4A23705E4B1978B8F8003002EBC2
:1038A0004119002B40F0A7801E461D469B46484606
:1038B000FFF7CEFE10F0800000F08C80BFF34F8F3A
:1038C0009AF8003084F800B005B93E68002B7DD12D
:1038D0003B689B1B782B00F287804E4B1B78002B9C
:1038E00074D000F09DFA0122B8F80030154622701D
:1038F000002BDCD0464AC3F5006011781A4600EB75
:10390000C120454DC9022844019D954217D2039319
:10391000DDE901512A46FEF7B9FE039B4FF0404214
:103920005B1BA8F800303D4BC3F88420BFF34F8FDA
:10393000009800232844237005B0BDE8F08F364B73
:10394000CD180299FEF7A2FE00234FF4006229462B
:103950004846FFF743FEBFF34F8F05F1200205F500
:103960000063934234BF012340234FF0E02205EB74
:103970004313C2F8705F2035AB42FAD1BFF34F8FCB
:10398000BFF36F8F04204946FFF740FE204A1378AB
:103990000133DBB2032B84BF00231D4A1370B8F838
:1039A0000030019AD11A009A1A4401910092029AA9
:1039B0001A4400230292194AA8F80030C2F8843051
:1039C000BFF34F8F237000297FF462AF009805B0DA
:1039D000BDE8F08F4FF400620D4B8AF800001978B3
:1039E0001346A8F800208AE7012300988AF80030DF
:1039F00005B0BDE8F08F1A46C3F500607FE7019877
:103A0000E5E700BF988800206C8800200084002033
:103A1000978800209A8800208010202000002E40E7
:103A20008A88002096880020704700BF2D4B002117
:103A300080222D4870B51B7800242C4D8B422C4ED3
:103A40000CBF40234FF400732B80338004F004FA42
:103A5000284A2146284B14704FF4807227481C8056
:103A600004F0FAF9264A1021264B0220C2E900444C
:103A7000C2E90244244AC3E900441470234AC3E95A
:103A80000244234B1C70234614602246FFF774FD4A
:103A90002246318803201F4BFFF73CFD23460122BD
:103AA00029880420FFF768FD20460134FFF70EFE49
:103AB000082CF9D1184B00214A221848184C0460F0
:103AC000C3F88410C3F88020D3F84821154942F088
:103AD0008072C3F8482121B1134A137843F00103DF
:103AE000137070BD9B880020008400208C8800200B
:103AF00088880020978800208A8800200083002082
:103B000028880020388800209388002024880020FE
:103B1000948800209D17000000002E40808800201F
:103B200051180000000000009D8800202DE9F04F92
:103B30004FF0E0234FF40032DFF8C8A083B0C3F8A1
:103B40008C218B469AF8004000294FD08046E4B281
:103B50000027DFF8B490264BABEB070225491B7812
:103B6000A34204F101043FD0092C234B404628BF57
:103B700000241E5D39F816C00CEB462319441F4B78
:103B800033F81650A5EB0C05AA421CD20CEB462CC0
:103B900018491B4C61440192FEF778FD216839F801
:103BA00016505846019AA1EB0B012A44394429F8D2
:103BB000162021604FF0E0234FF40032C3F80C21AF
:103BC00003B0BDE8F08F2A462F44FEF75FFD0C4995
:103BD000E3B230460A68A844521B0A608AF80030F3
:103BE000FFF774FDBB45B6D83846E3E70846E1E782
:103BF000938800208000202048880020288800200A
:103C00002488002094880020388800200B4B0C4A20
:103C100012781978D3B28A420DD0013309480A4A82
:103C2000092B0A4928BF0023C35C31F8131002EBAB
:103C30004323585C70474FF0FF3070479388002053
:103C400094880020488800208000202038880020A8
:103C5000044B10B51C680CB1204610BD00F0E0F814
:103C6000204610BD248800202DE9F84F144E154D34
:103C700033782A78934221D0DCB2DFF85090DFF815
:103C800050B0DFF85080104F0134082C5FFA84FAEE
:103C900001D90024A24619F80400DBF8003038F8F6
:103CA000102037F81010521A9B1ACBF80030FFF78B
:103CB0000DFD86F800A02B78A342E5D1BDE8F88F72
:103CC00094880020938800203888002048880020AD
:103CD000248800202888002000B583B001210DF140
:103CE0000700FFF723FF20B19DF8070003B05DF840
:103CF00004FB4FF0FF30F9E7094B00B583B01B78A8
:103D00008DF807003BB101210DF10700FFF7B0FD71
:103D100003B05DF804FB03F0FF0003B05DF804FBA3
:103D20009A880020044B1B7803F0FF020BB1FFF7C9
:103D30009FBD1046704700BF9A8800202DE9F041D2
:103D40000024DFF8448001230D4D27460D4E88F8EE
:103D50000030337828462035A34204F1010405D011
:103D6000FFF776FC030658BF07F50067042CF0D177
:103D7000BFF34F8F0023384688F80030BDE8F0814C
:103D80000084002097880020988800202DE9F843BF
:103D90001D4B1B7813B11D4D2A880AB9BDE8F88365
:103DA0001B4EC2F500691B4933784A461A4C01EB99
:103DB00043181A4F04EBC324012340463B702146AD
:103DC0000023FFF70BFC04EB0902BFF34F8F4FF00A
:103DD000E023C3F8704F2034A242FAD8BFF34F8FCC
:103DE000BFF36F8F04204146FFF710FC3378013397
:103DF000DBB2032B88BF0023337000232B80BFF37B
:103E00004F8F3B70BDE8F8839A8800208A88002095
:103E100097880020008400208010202098880020AF
:103E20002DE9F8432D4B1E7866B12D4F3B784BB9E9
:103E30000123F1073B7043D4B20726D400233B7023
:103E4000730701D4BDE8F883264B1A68002AF9D01D
:103E5000EFF30582002AF5D1EFF3108572B61868EA
:103E6000002834D0204C2178002930D10122227042
:103E700042691A60002A2ED0916105B962B6002508
:103E80008368457798472570DCE7DFF8648098F809
:103E90000030002BD2D00025DFF858902B4659F87F
:103EA00023400135236820461B69984710B1636998
:103EB0009B68984798F80020EBB29A42EFD8BDE78C
:103EC000FFF7C6FE0028B7D0AFF30080B4E7002D9F
:103ED000B8D162B6B6E7054B1A60CEE79D880020E0
:103EE00090880020888400208E8800209484002000
:103EF0008F8800209884002070B5EFF3108272B68E
:103F00000C4C206880B10C4E00254369236073B1CE
:103F10009D6102B962B6836845779847EFF31082D6
:103F200072B620680028F0D102B962B670BD336065
:103F3000EFE700BF908400208C840020FFF7DCBFF7
:103F40000449054A4968054B196013680133136039
:103F5000704700BF001000E06C88002068880020D7
:103F6000A249A34B88422DE9F047A24C5E699A69A9
:103F7000D4F80C801BD9A04B984240F20281C31A9E
:103F80009E491B0AA1FB031340F22761DB0903EBE7
:103F9000830303EB830303F2E2438B4228BF0B4608
:103FA000A3F54877964BA3FB0737FF0804E0954F2E
:103FB000B8428CBF0E2706278D4908F01F09D1F89B
:103FC0008030B94543F0C003C1F880300CD228F0EE
:103FD0001F08A1F5F82148EA0708C1F80C800B6812
:103FE000002BFCDA08F01F0916F0007324D1864973
:103FF0000C698649A14300F0EA8082F4805134467E
:104000004FF4805514F0605F04D026F060561E43D4
:10401000774B5E6111F4405F07D022F4405274493F
:104020002A438A618B6C1A07FCD446F00076704AEA
:104030005661936C9B06FCD4754CA04200F2CE8076
:104040004FF0010C0146634603FB011203F1010E20
:104050000CF10105A24218D8BEF1080F4FF0010380
:1040600040F08D80BCF1040F00F291800A18A2424A
:1040700000F2A48005FB00F1AC4603F1010E03FB46
:1040800001120CF10105A242E6D90CF1FF318C02BC
:1040900086EA81215F4810445F4A90427FD9DFF869
:1040A000A4A16C225D48584DB0FBFEF0D5F800E0AD
:1040B000B0FBFCF0DFF890C10EEA0C0CD44509D03F
:1040C00042F400524FF4805CC5F800C02A602A68B0
:1040D000002AFCDA464A156905F007059D4203D01F
:1040E0001361936CDD03FCD411F4E05F09D026F476
:1040F000E05604F4E0543E4A26435661936C990717
:10410000FCD44749474A014491423CD8464BC9092F
:10411000A3FB0131090B4B1E1B0286EA030212F4BA
:10412000407F06D026F4407603F44073304A334390
:1041300053612F4A536923F000735361936C9B06BC
:10414000FCD43A4B4F45A3FB00234FF0FF324FEA1C
:104150009343B0FBF1F1B2FBF3F3354A1060354AFB
:104160001160354A136008D228F01F08214A48EA36
:104170000707D7601368002BFCDABDE8F0877346A9
:1041800062E7122718E74FF440730421C5E70CF1EA
:10419000FF31204807238C02104486EA8121274AF8
:1041A000DFF8A8A0A2FB0020020D2548362A38BF60
:1041B000362202FB00F042EA0A0A74E74FEA8C2436
:1041C000002386EA8C214FF0010EAC4662E71D46C3
:1041D00086F0C05411464FF0C05313E700244FF04F
:1041E000010C024631462346E64653E700A4781FF9
:1041F00000C00F40000008400046C32323B24C001B
:104200001F85EB5100366E0100800D40403000806C
:10421000FFB19F26808D5B00FF7EF64D00643F4D11
:104220007FD1F0087F17B42C9F10E50083DE1B437D
:104230009C7800209878002064880020819F5E167A
:10424000001BB7006C2000807F30018000200080C0
:10425000074A506A936A19468446506A936A99429B
:10426000F9D18445F7D1DB0B43EA4040704700BFEA
:1042700000400D4008B5D0E900325BB1BAB10F4B38
:10428000A3FB0213DB0803EB4303B2EB83030AD166
:10429000012008BD094BA3FB0213DB0803EB43031A
:1042A000B2EB830301D0D21A4260F02AF0D801F0B9
:1042B0001FFE1C22034600201A6008BDABAAAAAA52
:1042C00070B5044638B319B1B2FA82F67609A2B9CC
:1042D000206800B36268F2B1184B194902FB03F37E
:1042E000B1EBB30F17D3A368E3B900220123226017
:1042F0006260A260E260184670BD1D46049BC0E982
:104300000012C360FFF7B6FF03460028F3D06DB973
:104310000123184670BD01F0EBFD16220023026058
:10432000184670BD002103F097FDDEE76268314654
:104330002068A56003F090FD0123DCE7ABAAAAAAE0
:104340005555551503460846194603F0D7BD00BF1D
:1043500053B94AB9002908BF00281CBF4FF0FF31EC
:104360004FF0FF3000F070B9ADF1080C6DE904CEEC
:1043700000F006F8DDF804E0DDE9022304B0704740
:104380002DE9F047089E0D4604460F46002B4AD102
:104390008A42944665D9B2FA82F343B102FA03FC29
:1043A000C3F120029F4020FA02F217439C404FEADB
:1043B0001C4E1FFA8CF5B7FBFEF1220C0EFB117799
:1043C00042EA074201FB05F090420AD91CEB0202C7
:1043D00001F1FF3780F01C81904240F219810239CF
:1043E0006244121AA4B2B2FBFEF00EFB102244EAA1
:1043F000024400FB05F5A5420AD91CEB040400F1B8
:10440000FF3280F00781A54240F204816444023803
:1044100040EA0140641B00211EB1DC400023C6E9D4
:104420000043BDE8F0878B4208D9002E00F0ED80F4
:104430000021C6E900050846BDE8F087B3FA83F11C
:10444000002949D1AB4202D3824200F2F880841A9B
:1044500065EB030201201746002EE2D0C6E90047B3
:10446000DFE702B9FFDEB2FA82F3002B40F0908062
:104470008A1A4FEA1C471FFA8CFE0121B2FBF7F59E
:1044800007FB1520220C42EA00420EFB05F0904289
:1044900008D91CEB020205F1FF3802D2904200F26B
:1044A000CB804546121AA4B2B2FBF7F007FB1022EC
:1044B00044EA02440EFB00FEA64508D91CEB0404A6
:1044C00000F1FF3202D2A64500F2BB801046A4EBF9
:1044D0000E0440EA05409FE7C1F120078B4022FA15
:1044E00007FC4CEA030C05FA01F420FA07F3FD403F
:1044F0004FEA1C492343B5FBF9F81FFA8CFE09FB70
:1045000018551C0C44EA054408FB0EF5A54202FAB6
:1045100001F200FA01F00BD91CEB040408F1FF3A98
:1045200080F08880A54240F28580A8F102086444AA
:10453000641B9DB2B4FBF9F309FB134445EA044440
:1045400003FB0EFEA64508D91CEB040403F1FF355E
:104550006CD2A6456AD9023B644443EA0843A3FBF4
:104560000295A4EB0E04AC42C846AE4656D353D0D7
:1045700056B1B0EB080264EB0E0404FA07F7CA4028
:10458000CC401743C6E9007418460021BDE8F08707
:10459000C3F1200102FA03FC20FA01F225FA01F12D
:1045A0009D402A434FEA1C471FFA8CFEB1FBF7F0EF
:1045B00007FB1015110C41EA054100FB0EF58D4279
:1045C00004FA03F408D91CEB010100F1FF382FD2E3
:1045D0008D422DD902386144491B92B2B1FBF7F5E7
:1045E00007FB151142EA014205FB0EF1914208D981
:1045F0001CEB020205F1FF3816D2914214D9023D9C
:104600006244521A45EA004138E73146304608E72D
:104610003946E6E61046FBE64845A9D2B9EB020862
:1046200065EB0C0E013BA3E74546EAE72B4694E712
:104630004046D1E7D0467BE7023D624432E7084678
:104640000AE76444023842E7704700BF00000000F8
:104650002DE9F04F2DED108B97B08A46002107927F
:10466000129100220021CDE9041280465146119199
:104670000F4611F8012B2D2A5ED801A050F822F028
:1046800091280000A9270000A9270000A927000001
:10469000A9270000A9270000A9270000A9270000DA
:1046A000A9270000DF260000DF260000DF2600002B
:1046B000DF260000DF260000A9270000A927000050
:1046C000A9270000A9270000A9270000A9270000AA
:1046D000A9270000A9270000A9270000A92700009A
:1046E000A9270000A9270000A9270000A92700008A
:1046F000A9270000A9270000A9270000A92700007A
:10470000DF260000A9270000A9270000A927000034
:10471000A9270000A9270000A9270000A927000059
:10472000A9270000A9270000A9270000CB2E000020
:10473000A9270000B72E000000210991302A7DD062
:10474000002308932F2A144640F2CD844FF000092D
:1047500038464E464D4612E00130082D1190C8BF34
:1047600009EB89090478C6BF02EB4902A2F13009BE
:10477000A3F130062F2C05F1010522466FDD06EB73
:104780008603392C02EB4303E6DD9F49012201F049
:10479000ADFA002837D1119B1A4601331193547892
:1047A000002D40F04385302C40F02485C3F10102F8
:1047B0009818013311931C78302CF9D0A4F13103EF
:1047C000082B00F20183119F431CA4F1300B0B93C3
:1047D0000125BC464FF0000E06EB86060BEB4606A5
:1047E00000200CF1010311939CF80140A4F1300169
:1047F000092900F2BB8201308B46002940F04F842A
:10480000DDF844C0EDE70020652CAE460B908446F1
:1048100001D0452C30D1002D6BD1089B034367D1CB
:10482000079B9FED778B13B1079BC3F800A0B0EEF9
:10483000480B17B0BDEC108BBDE8F08F7A7802F012
:10484000DF02582A00F00C84013711973A78302A99
:10485000FAD0002A00F0B7800123089372E76A4972
:10486000012201F043FA002800F0C080AE464FF06C
:10487000000CCDF82CC060464FF0000B002D7ED010
:1048800007EE906A0B9BB8EE677BABEB0303BEF1C0
:10489000000F08BFAE46102D0A932B46A8BF102369
:1048A000092D8DED047B0CDD584A02EBC30212ED9D
:1048B000125B06EE909AB8EE666BA7EE056B8DED77
:1048C000046B0F2D00F3A8800A9A002A00F0E483FD
:1048D0000A9A40F33C83162A40F398840A99C5F15A
:1048E00025028A4280F2A6840A9AEB1A134499E0C0
:1048F0000025DDF844A00AF1010311939AF8014064
:104900002B2C00F05E822D2C00F0F78100230A93FF
:10491000A4F13003092B00F2EB81302C05D1119B5F
:10492000013311931C78302CFAD0A4F13103082BF9
:10493000A2D8119A0C92531C1193A4F1300B547805
:104940002F2C07DCDEE3013311934C782F2CA2F1DE
:10495000300B06DD0BEB8B02392C194604EB4202BF
:10496000F1DD0C9A9B1A082B40F3CC8344F61F6BA5
:104970000A9B002B82D0CBF1000B002D80D1089B2D
:10498000034320D1BCF1000F7FF44AAF692C00F043
:10499000CF8300F3F382492C00F0CA834E2C7FF4BE
:1049A0003FAF1B4911A801F0ADF800283FF438AF24
:1049B000119B1B78282B00F0F284164804F0DCFBD6
:1049C000B0EE408B01E09FED0E8B079A0AB1119B70
:1049D0001360099B002B3FF42AAFB1EE488BB0EE79
:1049E000480B17B0BDEC108BBDE8F08F119B0B90FE
:1049F0005A1C11925C78AE46F8E600BFAFF3008017
:104A0000000000000000000074070020A802002041
:104A100084070020E00300200A9AEB1A1344002BBD
:104A200040F3B08213F00F010AD0C34A02EBC10277
:104A30009DED046B92ED007B27EE067B8DED047BF4
:104A400033F00F0240F038820023089300962B4683
:104A500072463946404603F0F5FC8146002800F0D6
:104A6000E1820B9BA3EB0B0B0A9B9FEDA9EB002BA9
:104A70009FEDA9CB9FEDAADB9FEDABBBB4BF5A4620
:104A800000224FF0000A23EAE3730B920C93544682
:104A9000D9F80410404603F053FC0646002800F005
:104AA0000E81D9F810209DED048B0232920009F19D
:104AB0000C010C30FDF7EAFDB0EE480B14AA13A967
:104AC000404604F07BF81290002800F0E4800121B9
:104AD000404603F05FFD0446002800F0F080139A82
:104AE000002AC0F2DE800B9B0C9F02EB030B089B9D
:104AF000149DD21A2A44914B013A9A42C5F13605C7
:104B000080F29880991A1F29A5EB010500F3E38034
:104B1000012202FA01F30D9300230E932F44089B08
:104B20005D44AB455A461F44A8BF2A46BA42A8BFB7
:104B30003A46002A03DDAD1ABF1AABEB020B0B9B02
:104B4000002B00F38880002D00F39C800A9B002B33
:104B500000F3B780002F00F3A980BBF1000F08DD40
:104B600021465A46404603F051FE0446002800F014
:104B7000A68012993246404603F0E2FE82460028A3
:104B800000F09D800023C568C360214603F0B6FE97
:104B90000028C0F2C78300F061832146504604F02C
:104BA00077F8B0EE007BB4EEC70BF1EE10FA46D802
:104BB000002D00F0CB80B7EE009B0598604B0022E3
:104BC0006049DFF884C100EA0107674500F0D4803E
:104BD000089959B1B7F1D46F08D8B4EECB9BF1EE78
:104BE00010FA40F2568103F1D661CB1BB0EE480BB0
:104BF00043EC1A2B03F04EFFAAEE008B8DED048BD5
:104C000018EE903A089A22B94E4A1A40974200F09C
:104C1000E4801299404603F0B9FB3146404603F068
:104C2000B5FB2146404603F0B1FB5146404603F038
:104C3000ADFB2DE701230021CDE90D316EE7B6EE86
:104C4000009B20EE099B002D5FD1B1EE497B0598BA
:104C500053EC172BB4E721461A46404603F076FD85
:104C6000044660B30146129A404603F0C1FC30B3DB
:104C70000F901299404603F089FB0F9A1292002D73
:104C80007FF764AF12992A46404603F0BFFD1290A9
:104C900000287FF45BAF22239FED258BC8F80030FE
:104CA000BCE00C9BDDF82CB09F1A20E731463A4659
:104CB000404603F0ABFD064600287FF44EAF129845
:104CC000E9E731460C9A404603F040FD06460028CD
:104CD0007FF440AFF3E7C2F17F4202F57F0202F5B5
:104CE0007B420121E23201FA02F3CDE90D1315E70F
:104CF000CDF844A04FF0000BC0E501230A930AF160
:104D0000020311939AF8024002E6B0EE497B9EE757
:104D10009535A094FFFFCF3F9535A094FFFFDF3F6F
:104D200035E5AF350000E03F0000C0FFFFFFDF4189
:104D3000000000000000F07FA802002002FCFFFF3E
:104D40000000F03F0000F07F0000E07FDDE904128A
:104D5000002900F08580DDE90412012900F0D881E6
:104D60001046B74BB7EE009B002229E7652C4FF0A9
:104D7000010C3FF4BEAD4CE543EC1A2BA0F154738B
:104D800005939DED04FBB0EE4F0B03F083FEAD49A0
:104D9000AAEE00FB1FEE903AAB4A194091428DED0E
:104DA00004FB72D9A94B18EE902A9A4203D118EE4F
:104DB000103A013383D0A54A4FF0FF33CDE90432D6
:104DC00027E700230A939AE7652C00F0D080452C52
:104DD00000F0CD804FF0010CD1E551EC190B0D9393
:104DE0000AF01CF809F0ECFF049B1D430D9B41ECFD
:104DF000170BC3F313031D4339EE479B00F0A0804C
:104E0000B4EECC9BF1EE10FA05D4B4EECD9BF1EEEE
:104E100010FA7FF7FEAE9DED048B129801464046D6
:104E200003F0B4FA3146404603F0B0FA214640465A
:104E300003F0ACFA4946404603F0A8FA5146404612
:104E400003F0A4FAC1E501220992791C11917A7844
:104E5000002A3FF4E5AC0F4670E400220992F4E723
:104E6000C2F313031046002B7FF47BAFB7EE007B39
:104E7000B4EEC70BF1EE10FA00F1D381B6EE009B51
:104E800020EE099BB1EE497BE2E603F154730593F2
:104E9000B8E6BCEEC99B19EE103A012B38BF0123CE
:104EA00009EE103AB8EE499B002D40F03E81B1EE7C
:104EB000497B53EC172B96E6B2F59A7F00F3B2804C
:104EC000102A4FEA221340F38682614C9DED047B49
:104ED00000202246014613F0010F01F101014FEAC3
:104EE000630304D092ED006B012027EE067B012BBB
:104EF00002F10802EFD108B18DED047B059BA3F10F
:104F00005473059304EBC1049DED046B94ED007B99
:104F10004C4B27EE067B17EE902A4E4913408B42EE
:104F20008DED047B7ED8A1F580118B4240F2D681B5
:104F3000464C4FF0FF33CDE904340023089385E558
:104F4000B4EECE9BF1EE10FA7FF563AE63E7163256
:104F5000FFF662AD0B9BA3EB0B0B3F4B03EBCB03BD
:104F600093ED007B9DED046B86EE078B2DE54FF0F6
:104F7000000ECDF82CE04FF0010C4EE46E2C3FF407
:104F800010AD4DE43FF460AD5B4213F00F010AD069
:104F9000314A02EBC1029DED046B92ED007B86EE7F
:104FA000077B8DED047B1B113FF44EAD1F2B33DCD3
:104FB00013F0100218BF6A229DED047B0892274A65
:104FC0000021D80704D592ED006B012127EE067B66
:104FD0005B1002F10802F4D109B18DED047B089B4E
:104FE00093B1DDE90401C1F30A52C2F16B03002B56
:104FF0000ADD1F2B40F32F820020342B049040F356
:1050000040824FF05C7305939DED047BB5EE407BD1
:10501000F1EE10FA7FF41AAD22239FED058BC8F84C
:105020000030D2E422239FED048BC8F80030CCE49A
:105030000000000000000000000000000000F07F01
:105040000000F0BF0000F07FFFFF9F7CFFFFEF7FBD
:10505000800200200000A07CA80200207003002035
:105060000293099B019312AB0093A74A13AB11A9BA
:10507000404600F07DFA10F00F0504463FF4A3AC63
:10508000062D74D1079B9FED9A8B0137002B3FF4BF
:10509000CEAB1F60FFF7CBBB9DED048B95E40B9B64
:1050A000DDF844C003440B93012805F101031A46BF
:1050B00014D02844441E03E046009C420DD0013326
:1050C0002A46082A1D4606EB8600F5D9102BDCBFC0
:1050D00009EB89094FEA4909EFE70232082D3CDC68
:1050E0001546FFF779BB89490122384600F0FEFDDD
:1050F000002800F082804FF0000EF146764675469B
:10510000FFF7B5BB44F61F639B45A8BF9B462FE442
:10511000DDE904231846002B7FF423AE22239FED04
:10512000748B1298C8F8003078E6B0EE497BC0E680
:10513000774911A800F0E6FC00283FF471AB119B01
:105140007449013B11A8119300F0DCFC10B9119BCC
:10515000013311939FED688B37E4102ADCBF09EB14
:10516000890901EB490915460020FFF73ABB129A5D
:105170003AB1352114A803F0BDFD1299404603F061
:1051800005F9013D139B042D00F28F81DFE805F046
:10519000032D2A1F0300149A049203F23342159B35
:1051A00023F4801343EA02530593E50502D543F047
:1051B00000430593584A1A409DED048B002A7FF462
:1051C00004AC00F095FE22230360FFF7FEBB4FF016
:1051D000FF336FF00046CDE90436E3057FF55CAFA1
:1051E000059BE4E74C4B0593F7E7149B0493159B51
:1051F0000593DAE70020FFF7E1BA119B1A46013365
:105200001193547806468146FFF7CDBA434B03EB22
:10521000C20393ED008B9DED047B28EE078BFFF717
:10522000D4BBBEEE007BB6EE009B11E5AE460B9004
:10523000FFF7DCBA394BC5F10F054A1B03EBC50577
:1052400003EBC20395ED008B93ED007B9DED046BAA
:1052500028EE068B28EE078BFFF7B7BB002D00F07A
:105260009580DDE904BC2E4BCCF3130199426246D4
:1052700000F0D2800E9B002B00F0A580DDE9041227
:10528000134217461AD0B0EE480B002D00F0A6804E
:1052900003F000FC089B7BB1C7F30A53C3F16B0317
:1052A000002B09DD1B0503F17F51002001F54011A2
:1052B00041EC170B20EE070B38EE008B089B5BB11F
:1052C0009FED0F7B144B28EE078B18EE902A1340AE
:1052D00013B92223C8F8003012989FE502F15473E5
:1052E000059300230893FFF7B1BB00BFAFF3008025
:1052F0000000000000000000000000000000F07F3F
:10530000000000000000503978750020740700206C
:10531000780700207C0700200000F07FA802002012
:10532000FFFF0F00DDE904120D43C7D1C2F31303E1
:105330001746002BC2D122F000431B0D1B05B3F111
:10534000D66FBBD9DAF814301BB9DAF81030012B5C
:10535000B4DD51460122404603F058FA2146824608
:1053600003F0CCFA0028A9DD089B002B7ED1504B1E
:105370003B40A3F580136FEA13536FEA0353059381
:105380004FF0FF3304939DED048B97E7DDE90412A2
:10539000C2F313030B4317467FF46CAFE4E74549B0
:1053A00011A814AA00F0CAFB05287FF406AB159BD0
:1053B00043F0FF4343F4E0030593149B04939DEDF6
:1053C000048BFFF702BBDDE904010D9B03423FF4B0
:1053D00075AF0F4657E7384C00218FE503F05AFBB5
:1053E000089B002B55D0C7F30A53C3F16B03002B66
:1053F00009DD1B0503F17F5101F54011284641EC01
:10540000170B20EE070B38EE408BB5EE408BF1EE1C
:1054100010FA7FF455AF81E6089B04991BB3244B27
:105420001340B3F1D46F1ED81B0DC3F16B034FF0C3
:10543000FF3000FA03F399427FF41CAF1F4B9A42EE
:1054400030D01B4B134003F58013059300230493C6
:105450009DED048B32E74FF0FF3202FA03F3049A1A
:105460001A400492D0E54FF0FF33E4E7104B3B4085
:10547000B3F1D66F3FF77DAFB3F15C7F3FF720AF5D
:105480004CE6C2F14B024FF0FF3393400B400593C3
:10549000BAE538EE408BB5EE408BF1EE10FA7FF4B2
:1054A0001BAF3BE60131CCD109E400237DE600BF10
:1054B0000000F07F8C75002080020020FFFFEF7F4E
:1054C000014BFFF7C5B800BFBC7800202DE9F041C3
:1054D0000469B4EB611F2FDD00F1140E4E1111F0C1
:1054E0001F0C0EEB84050EEB86032BD05EF8261006
:1054F00004339D4221FA0CF1CCF1200818D97746EB
:105500001A6802FA08F20A4347F8042B53F8041BFE
:105510009D4221FA0CF1F3D8A31B9B00053B9B088D
:1055200001330EEB83044EF82310C9B1043417E0A5
:10553000416174460029F9D10023036100234361CE
:10554000BDE8F0819D4288BF00F11002F4D953F804
:10555000041B42F8041F9D42F9D8A41B0EEB8404DF
:10556000A4EB0E039B1074450361E7D0BDE8F08106
:105570002DE9F04F2DED028B0C688B46A17885B09C
:10558000302908EE100A9246029340F0CE816FF067
:105590000100001BE21C8318144612F8011B30297D
:1055A000F9D0DFF8008318F80120002A00F0E58028
:1055B0002278002718F802203D4626462AB116F820
:1055C000012F18F80220002AF9D1B54901930122D0
:1055D000304600F08BFB019B814600284DD0002D0A
:1055E0004ED13278A94602F0DF02502A354650D01B
:1055F000CBF80060002F69D12B1B013B072B3946EC
:1056000004DD5B10072B01F10101FADC18EE100A32
:1056100002F096FE8346002800F0668200F1140630
:10562000AC42019680F0D2810027CDF80C909C49C5
:10563000A1463C460CE0202F19D0384604372A7882
:1056400018F8022002F00F02824014434D4547D063
:1056500015F8012D2E2AEED14D45ECD30122284616
:1056600000F044FB8E490028F0D0202FE5D1002027
:1056700046F8044B04270446E1E7002D00F0428180
:10568000327802F0DF02AD1B502A4FEA8509354619
:10569000AED16A782B2A00F025812D2A00F0A58052
:1056A0006E1C002018F802104A1E182A00F29B8077
:1056B000727818F8022010390136002A5AD100B148
:1056C00049428944CBF80060002F95D0002B14BFCD
:1056D00000250625284605B0BDEC028BBDE8F08FFD
:1056E000DDF80C90234646F8043B1846019BF61A59
:1056F000B610CBF8106002F0FDFE7601DAF800403B
:10570000301AA04275DCC0F2EF800027DAF80830CA
:105710004B45C0F25181DAF804304B454ADDA3EB2A
:1057200009094C4500F38280DAF80C20022A00F0C7
:105730006581032A00F08181012A00F06F8118EE53
:10574000100A594602F022FE5025109A00232846DE
:10575000136005B0BDEC028BBDE8F08F01EB810159
:1057600002EB4102A2F1100116F8012F18F80220F5
:10577000002AA4D0192AF1DDA1E7494901930122A9
:10578000204600F0B3FA019B00286DD1617818F82B
:105790000120651C002A69D030292C4605D114F857
:1057A000013F302BFBD018F80320B2FA82F77F09B3
:1057B000012302E7012557B1DAF80C30022B5DD046
:1057C000032B5FD0012B00F0848045F01005109B67
:1057D000C3F800B0029B2846C3F8009005B0BDECAA
:1057E000028BBDE8F08F2E4602E70120AA78AE1C9E
:1057F00058E7061B3146584603F0AAFA074678B127
:10580000721E53110199012751F8231002F01F0352
:1058100007FA03F30B4203D0BA4200F3E2800227F7
:1058200031465846B144FFF751FE6FE709F1FF35A5
:10583000002F40F0CE80002D40F0CD806B11019AFA
:1058400005F01F0552F823200123AB4013424946BF
:10585000584618BF47F00207A4EB0904FFF736FECD
:105860000225DAF80490A6E72178254601F0DF0149
:10587000502900F0BF80CBF8005027E7119BC3F1FF
:1058800001031193119B002B9FD0DBF81070DDF802
:105890000480BA004346019208EB8700002107E02C
:1058A000740700208C040020984243F8041C3FD960
:1058B0001E4653F8042BB2F1FF3FF5D00132022D02
:1058C000326000F0BF8014F01F0440F0E780212513
:1058D0007DE7BA077FF579AF019B1B681F43FB0784
:1058E000D3D472E7002081E7221A594618EE100A35
:1058F000A9EB020902F08AFF00F114038346019329
:10590000002703E7727818F80200711C002800F0E5
:10591000A0800D4611F8012F18F802000028F8D1D8
:10592000751B4FEA85090E465DE60234002338E612
:10593000DBF808309F4280F28E803B460BEB8302FF
:1059400001210133022DCBF8103051617AD09F42F2
:10595000B9DA002B40F39B80DBF8142008EB8303BB
:105960000BF1180083424FEA520240F2B1804446E4
:10597000016842EAC17244F8042B50F8042B8342B8
:105980004FEA5202F4D8A3EB0B03193B9B080133F7
:1059900048F8232008EB8303002A40F09D80A3EB06
:1059A000080292104345CBF8102073D0DAF8083083
:1059B00009F101094B458ADA18EE100A594602F03E
:1059C000E5FC109A00231360A32583E6019E0023C3
:1059D00089E6012732E72946584603F0B9F9074618
:1059E0002CE7B11E584603F0B3F900283FF417AF77
:1059F000032715E74FF0000901274AE6119A002A0C
:105A00007FF49DAE02990B60019B0122CBF8102020
:105A10001A60109B6225C3F800B05BE64C457FF42A
:105A20008EAE012CEED0611E584603F091F900288D
:105A30003FF485AEDAF80430E4E7119A002A3FF427
:105A40007EAEDFE7DAF80030013BA34234D02225F6
:105A5000BDE60E46C7E5DBF8041018EE100A01316A
:105A600002F06EFC0646C8B3DBF8103002339A0031
:105A70000BF10C010C30FCF709FE594618EE100A28
:105A800002F084FC06F114083369B34656E700239C
:105A9000CBF810300023CBF8143087E7019B434448
:105AA000C4F1200453F8040C02F024FDA042BFF618
:105AB0000EAFDBF810304CE7631104F01F0458F808
:105AC00023200123A34013420CBF222521257EE67B
:105AD000C8F8002043466AB1043360E7074B084822
:105AE0003246842102F098F9044B05485A46E421D5
:105AF00002F092F9CBF81020CCE700BF140400208C
:105B00002804002010B4046809E014F8013FA3F150
:105B1000410CBCF1190F98BF2033934209D111F801
:105B2000012B002AF1D10134046001205DF8044BFF
:105B3000704700205DF8044B704700BF2DE9F04F1F
:105B4000096885B04B1111F01F01029002EB83032D
:105B5000039140F08F801D1F0193029B01991C68E7
:105B6000002341F8043C61780134002900F098805A
:105B7000DFF87491A846AC469A461E460EE02029EE
:105B800000F28C80564506DDC44501D2072B5BDD53
:105B9000624551D3082314F8011FA1B119F801007F
:105BA0000028ECD00133082B06F101063ADCDCF8C2
:105BB0000010090100F00F000843CCF8000014F8B1
:105BC000011F0029EAD1002E6AD0C44501D2072B5B
:105BD00074DD624552D2111F634653F8040B41F83D
:105BE000040FAB42F9D9A5EB0C0323F00303691CA6
:105BF00004330CF1010C614538BF04231344002128
:105C000043F8041BAB42FBD9019B53F8043C2BB96E
:105C1000AA4249D055F8043D002BF9D0052005B023
:105C2000BDE8F08F6245B6D200234CF8043C19461B
:105C3000ACF1040C0123BDE70023ACF104084CF8DF
:105C4000043CB246C446A6E7C3F10801DCF80030C4
:105C50008900C1F1200E60469B46476807FA0EF3A3
:105C600043EA0B0327FA01FB036040F804BF4045F9
:105C7000F3D38DE7191D01911D466EE7039B002BA1
:105C8000C2D0039B0198C3F120014FF0FF33CB40FA
:105C900050F8041C0B4040F8043CB8E7292909D00F
:105CA000042005B0BDE8F08F012305202B6005B06E
:105CB000BDE8F08F029901340C6084E7DCF8001035
:105CC000C3F108039B00C3F12007644608466668D9
:105CD00006FA07F1014326FA03F0216044F8040FA5
:105CE0004445F4D375E700BF8C040020002A3ED061
:105CF00040EA01039B0730B584462FD1032A2DD9F2
:105D00000B4608E0043A8446194625D01EF0803F31
:105D100022D1032A22D90468194653F8045BA4F15E
:105D2000013EAC4284462EEA040E00F10400E9D0A4
:105D30009CF800000C78A0421BD1E64668B11EF822
:105D4000010F11F8014FA2EB0E03A04203F1FF3344
:105D50000FD11CEB0303F1D1002030BD9CF80000F3
:105D60000C78844205D1012AF6D0E646E6E71046D3
:105D70007047001B30BD00BF40EA01039B0730B5F0
:105D800001D1032A0FD8844601F1FF3E07E01EF837
:105D9000011F03F8011B541EC1B19C4622466346F5
:105DA000002AF4D130BD0B468446194653F8045BF3
:105DB000A5F1013424EA050414F0803FE4D1043A4B
:105DC000032A4CF8045B1946EFD8DDE79444002C15
:105DD000E8D003F8011B6345FBD130BD0EB410B50C
:105DE0009FB021AC4FF4017154F8042B0192ADF82F
:105DF0001C100490089003F00BF9059009900B48D3
:105E00000B490C9100234FF6FF7C10931593019AD8
:105E10000068ADF81EC0234604A9039400F06EF894
:105E20001FB0BDE8104003B0704700BF447E0020A3
:105E3000C93E000010B50C46B1F90E1003F0D0FFBA
:105E4000002803DB236D0344236510BDA38923F4DD
:105E50008053A38110BD00BF002070472DE9F041A1
:105E60000C46B1F90C101F46CB05054616460BD45F
:105E700021F48051A1813B46B4F90E1032462846E8
:105E8000BDE8F04100F01EB8B4F90E100223002264
:105E900003F090FFB4F90C10EAE700BF10B50C4610
:105EA000B1F90E1003F086FFA389421C0EBF23F444
:105EB000805343F480532065A38110BDB1F90E10C7
:105EC00002F0C0BF38B50C46084D84461146204646
:105ED0001A4600232B606446FCF770FA431C00D07E
:105EE00038BD2B68002BFBD0236038BDE487002031
:105EF000014B1868704700BF447E00202DE9F04F29
:105F00002DED028BADF5377D8B46B1F90C1002AF4C
:105F10008C048146FA643B6309D4DBF8643041F4B5
:105F2000005123F40053ABF80C10CBF8643000237D
:105F30001C460822194607F15800FB62A24601F0F0
:105F40008BFF3C647C62BC637C64834BD3F8E4408D
:105F500002F006F807F158020346009207F15401D7
:105F6000FA6C4846A047051EFB6C33DB2B44FB64F0
:105F70007B6D2E46002B00F0B680012D38D0252BEE
:105F800040D0002DE1D0FB6C9E1BDBF80430741E6A
:105F9000002B40F39880DBF8001094F801C091F8D2
:105FA00000E0A31C0AEB0300E64501F10101A3EBAD
:105FB000060204F10104A0EB060040F09480DBF837
:105FC0000430CBF80010013BAA42CBF80430DFDBF1
:105FD0008246BAE70133FB6408224FF6FD730021C5
:105FE00007F158007B6501F037FF7B6D002B7AD0FD
:105FF0005A4EF25C100700F11C85252B40F086807C
:1060000001252E46F86C00240278A046A2F1250353
:10601000411C552B67D8DFE813F00A0766006600BD
:10602000660066000107660066006600660066009E
:106030000C060C060C060C060C060C060C060C06D0
:106040000C060C06660066006600660066006600C8
:106050006600180666008E04C9041806180618069D
:106060006600660066006600820066006600BF0487
:1060700066006600660089006600660066006600CD
:106080006B0666006600DD06660066006600660058
:106090006600180666009004CB0418061806180659
:1060A000BE06D20682006600E706F306AC06C1040F
:1060B000DA06660066008B007D00CA066600660090
:1060C0006B0666007D005946484604F09DF800289E
:1060D0003FF461AF7B6C002B01F05280BBF80C30B9
:1060E0005A0601F14D803B6C43B13B6CD3F8008004
:1060F000B8F1000F02D0404601F030FB786C07F594
:106100003577BD46BDEC028BBDE8F08FFB6C0125F9
:106110005E1E3AE72307E6D14278084676E7220773
:10612000E1D1427844F0020408466FE744F00104EC
:10613000F9640225DBF80430002B40F30884600684
:1061400040F10F846B1E032B01F2EB80DFE813F0AC
:106150007B02F1014B010800BC780020F105002012
:10616000484601F003FF03683B6208F1FF33B3F5D3
:10617000AE7F40F25A856FF4AE7508EB05033B61C4
:1061800040F25D18002607F5B87308EE109AC7E9CB
:106190000566FE637E63FE61BE6444F4F064BB6228
:1061A0001D464646DBF800100A78A2F12B034E2B61
:1061B00050D8DFE813F07E034F007E034F004F00FE
:1061C000A300A600A600A600A600A600A600A600A2
:1061D000A600A6004F004F004F004F004F004F0099
:1061E0004F0074030B030B030B039E0394034F0038
:1061F0004F0084034F004F004F004F005D034F00DE
:106200003A034F004F004F0033034F004F004F0041
:106210001E036D034F004F004F004F004F004F0013
:106220004F0074030B030B030B039E0394034F00F7
:106230004F0084034F004F004F004F005D034F009D
:106240003A034F004F004F0033034F004F004F0001
:106250001E036D03A0056FD5386A037893426BD196
:10626000C7E902457E60814618EE106A4FF00008CB
:106270005C4607E0216091F800E099F8000086454F
:106280001CD1DA4619F8010F45460AF1010B01311C
:1062900008F10108002800F06486606801380028D1
:1062A0006060E7DC2146304603F0AEFF30B921687C
:1062B00099F8000091F800E08645E2D0A3463A6ADA
:1062C000BC683D612B46B146BE6CFD68BD640133C0
:1062D0005D4602EB0308B3462646144618F8011D36
:1062E0002A46484603F050FF4445F7D13B693446FF
:1062F000AAEB030A5E46AB46BD6C20E0E00500F168
:106300000185BB6CF96BD94216D124F4C07405F831
:10631000012B013EDBF80430013B002B0AF1010A9E
:10632000CBF8043040F36F83DBF800300133CBF857
:106330000030002E7FF436AFBE6C18EE109A7B6BE7
:10634000002B40F0DC82FB6B013B012B41F21680FD
:10635000731E062B40F22786E3051BD5660501F167
:10636000B58015F8011C652905F1FF330AF1FF36E8
:106370000AD0452908D05A46484603F005FF15F8CB
:10638000021CAAF10206AB1E5A464846B2461D46FA
:1063900003F0FAFE14F010027FF4D7AD04F4C063EA
:1063A000B3F5806F2A7000F0D284BB69002B40F0F7
:1063B0002C874846B96A0022FFF782F8E0073B6B5A
:1063C00000F1C985A10700F1C685B4EE400BF1EEDE
:1063D00010FA53F8044B80F1F486B7EEC00B3B6320
:1063E00084ED000AA2E308F1FF33B3F5AE7F40F27B
:1063F000A2836FF4AE7208EB0203FB6340F25D18F8
:1064000007F5B8730022BE6BBB62594644F458646A
:10641000D3461D4692460A681078A0F12B034D2BF7
:1064200060D8DFE813F082025F0082025F005F0045
:10643000CD02E001E001E001E001E001E001E00166
:106440006F026F025F005F005F005F005F005F0030
:106450005F004E004E004E004E004E004E005F00AA
:106460005F005F005F005F005F005F005F005F0034
:106470005F005F005F005F005F005F005F005F0024
:1064800076025F005F005F005F005F005F005F00FB
:106490005F004E004E004E004E004E004E005F006A
:1064A0005F005F005F005F005F005F005F005F00F4
:1064B0005F005F005F005F005F005F005F005F00E4
:1064C00076020A2E0EDD24F438644B6805F8010BC1
:1064D000013B002B4B6040F38D8201320A60B8F122
:1064E000010898D1E005D046BE63DA468B4607D551
:1064F000BB6A9D4200F22284BB6A9D423FF4F3AD29
:1065000014F0100210D1B96ABB6BFE6A2A704846BB
:10651000B047A10640F108843B6B53F8042B106090
:106520003B637B6C01337B64BB6AED1A4544AA4430
:106530000BE5B8F1000F08BF4FF0FF38E00740F15E
:10654000958214F010037B6340F07484210640F1BF
:1065500066863C6B54F8043BFB63002B3FF4C3ADF1
:10656000802001F0F3F8B864002800F07887FB6B16
:10657000BA6C1A603A6CD58893889D4280F0528537
:106580001068FB6B40F825303B6C3C630135DD80C7
:10659000BB6CBB6220233B62DBF80030B14E1B7842
:1065A000F35C13F0080340F0BB847C6A7E621D46F6
:1065B00001F0D6FCA8423FF48DADDBE9003207F5CF
:1065C000B87013F8011B4155013A032CCBE9003296
:1065D00005F1010507F1680602D13368042B04D0E8
:1065E00008220021304601F037FC07F5B872B96C7B
:1065F00000962B46484601F069FB421C04463FF4D6
:1066000069AD002840F07884BB6C186003F012FC80
:10661000002840F05C86AA4408F1FF387B6B002B11
:1066200040F03386BB6CFA6B0433BB64002A00F085
:106630002C86BA6A9D1A3B6AB3EBA50F40F25687C7
:106640007D6B00F05CBCB8F1000F08BF4FF0FF3865
:10665000E00740F17B8214F01003BB6240F0F3834B
:10666000210640F1ED853E6B56F8043B3B62002B62
:106670003FF439AD802001F069F80446002800F0AD
:10668000EE863B6A3A6C1860D58893889D4280F00C
:10669000DD8410683B6A40F825303B6C3E63013571
:1066A000DD802023FC61BB617E6AC7F83CA0002529
:1066B000C246A04601F054FCA8423FF40BADDBE912
:1066C000003213F8011B013A07F5B870CBE900322C
:1066D000032E05F101034155BB6407F1600402D1AB
:1066E0002368042B04D008220021204601F0B4FBCB
:1066F00007F5B872BB6C00944146484601F0E6FAD3
:10670000421C06463FF4E6AC002840F0CA82C8F8B6
:106710000000054607F168030822002118467B6344
:1067200001F09AFB50497B6BD1F8E0102A464846AD
:106730000D4607F15001A847012800F0D58300223B
:1067400007F170039B5C002B00F0A185FB6BBA6C1A
:10675000032E1344FB6300F0CA830AF1FF3ABB6ABD
:106760005BB93B6A08F104083BB1FB69A8EB030481
:10677000BB69B3EBA40F40F20584DBF80430002BB7
:106780004FF0000540F39682BAF1000F92D1D7F88E
:106790003CA07E624446BB6A002B7FF4D6AB2360EC
:1067A0003B6A002B00F0C281FB69BA69E11A8B10C9
:1067B00001339A4240F2BA813C6A0431206802F007
:1067C00035FB002800F0B2812060AFE121057FF5A4
:1067D000B3ADFB6BB96C5B187FF4AEADBB6424F456
:1067E000C074FB6393E5214B24F4386433F91660DD
:1067F0006BE604F41863B3F5807F7FF49DAD7B6B8B
:10680000012B7FF499AD302305F8013B24F480740B
:10681000002344F40064013E7B6378E5BB6C062BE7
:1068200040F074850723BB6471E523057FF584ADD3
:1068300004F4A063B3F5806F05D061057FF57CADEE
:106840007B6B002B47D0A30504D47B6BF9695B1AE3
:10685000C7E9055324F47864002344F4C0747B63CF
:1068600055E500BFF1050020BC7800202022002063
:10687000FB6B002B00F0FF81FB6B022B00F0B08361
:10688000BB6C012B00F0F181042B00F0EE8153E58D
:10689000BB6C072B40F03A850823BB6437E5200525
:1068A00000F1F981FB6B012B7FF446AD0223FB6302
:1068B0002DE523067FF540AD24F0800427E5BB6C71
:1068C000002B40F0CC817B6BB3B904F4E063B3F5EB
:1068D000E06F00F02085BE6C18EE109A33E52105BC
:1068E00000F1B781BB6C022B40F010850323BB6421
:1068F0000DE520059CD56CE7BE6C18EE109A24F4CB
:10690000807420E58D4B33F91660082E3FF7DBAD20
:10691000E8E504F4C063B3F5007F7FF4E3AD24F44D
:10692000007444F4A0641026CFE523067FF5DAADA9
:1069300024F08004C9E544F00104DBF80430F96474
:10694000002B44F040044FF000053FF7F8AB5946E8
:10695000484603F059FC00287FF4BCAB60063FF5C5
:10696000F1ABDBF80020764E1378F35C19077FF566
:10697000E9ABDBF80430013B002B0AF1010ACBF84C
:10698000043002F101024ADDCBF800201378F35CF9
:1069900019077FF5D7ABECE744F00104694BFB62C4
:1069A0000823F964BB630325FFF7C4BB44F001046B
:1069B000654BFB620A23F964BB630325FFF7BABB8F
:1069C00023057FF582AD16B944F4007408266305EB
:1069D00000F1A681FB6B24F460741BB1013BFB63E7
:1069E00008F101084B68013B002B0AF1010A4B60DA
:1069F0003FF773AD4846B96403F006FCB96C002854
:106A00003FF46DAD6EE518EE100A594603F0FCFB3D
:106A100000287FF491AC002E7FF4C4AB8CE459467F
:106A2000484603F0F1FB00287FF454ABDBF800206C
:106A30009AE7DBF804200FE0DBF800301A78B25C4C
:106A4000110703F101037FF580AADBF80420013A66
:106A5000CBE900320AF1010A002AEDDC594648462A
:106A600003F0D2FB0028E7D0FFF76FBAE10600F190
:106A7000498314F0800400F0AB833C6B54F8046B42
:106A8000BE64002E3FF42FAB202000F05FFE0546D1
:106A9000002800F062843A6C30609388D6889E4269
:106AA00080F0A8821068BB6C40F826303B6C3C63D9
:106AB0000136DE802023FB63DBF80020204E1178B6
:106AC000715C080700F1AC8233462C4610462E4616
:106AD000DBF80410BA6C0139CBF80410411CCBF878
:106AE00000103546017805F8011B22B1FA6B2E1B08
:106AF000964280F07A83B8F101080BD0DBF80410DD
:106B000000292E4640F3AE83DBF800000178595C83
:106B10000907DDD5291B8A4401314FF000032B7092
:106B2000BB6C1BB1FB6B8B4200F294837B6C01331B
:106B30007B64FFF70ABA0023FB6361E42022002094
:106B4000F1050020117B0000CD790000E60600F180
:106B5000818114F0800400F06D833C6B54F8046B69
:106B6000BE64002E3FF4BFAA202000F0EFFD0546D2
:106B7000002800F0F2833A6C30609388D6889E42F9
:106B800080F07A821068BB6C40F826303B6C3C6326
:106B90000136DE802024DBF8002007F1700319465F
:106BA0001378CB5C002B3FF49EAA08EE109AD7F81E
:106BB0004890C7F83CA02E46A24610460C46DBF88B
:106BC0000410431C0139CBE900312946007801F853
:106BD000010BB9F1000F02D08D1B55457AD20D463D
:106BE000B8F101080AD0DBF80410002940F36A81EB
:106BF000DBF800000178615C0029E0D1544618EE12
:106C0000109AD7F83CA0AE1B3FF46DAA4FF00003DA
:106C10002B70BB6C1BB1711C8C4200F22D837B6C02
:106C20000133B2447B64FFF790B900233B61FFF767
:106C3000A9BA14F08F0F7FF456AA08EB880802EB6C
:106C40004808A8F13008FFF767BAF9640425FFF790
:106C500071BAFB6BB96C5B187FF444AEBEE5BB6CDC
:106C6000032B02D0052B7FF467ABBB6C0133DBB287
:106C7000BB64FFF74CBB7B6B002B7FF401AE04F4CD
:106C8000E063B3F5E06F7FF4FBAD012324F4F0641F
:106C9000FB63FFF73CBBFB6BB96C5B187FF402AE88
:106CA0009CE5831C40F05B84DBF80430BD6C002B5A
:106CB0003FF700AD5946484603F0A6FA00283FF4D6
:106CC00063ADD7F83CA07E624446002D3FF463AD2F
:106CD000FFF700BA4FEA4A0A3046514602F0A6F8DA
:106CE0000646002800F039830544C9F8000077E71C
:106CF00044F40074BC4BFB621023F964BB630325AE
:106D0000FFF718BA7B6B01337B633B6924F0800487
:106D1000002B3FF4FEAA3B69013B3B61FFF7FABA47
:106D200024F4B064FFF7D1BB220740F1C7813B6B6D
:106D300053F8042B3B631070FFF7F3BB15F8011CED
:106D40005A464846013D03F01FFAFFF7D5BBFB69E1
:106D50007A6B93423FF42DAB9A1A07F2C3239D42FC
:106D600028BF07F2C225A149284603F07BF8FFF7A8
:106D700020BBE20600F13181230700F1BA816607EA
:106D800040F1B4823B6BF96453F8042B3B63A2F8E7
:106D900000A0FFF7DAB823077FF4A5A94278682A94
:106DA00000F0868144F004040846FFF72FB98E4BAB
:106DB000FB620A23F964BB630325FFF7BBB98C4B65
:106DC000FB620023F964BB630325FFF7B3B944F406
:106DD00008748FE707F1700002F088F944F040046E
:106DE000F8640125FFF7A6B922077FF47CA9427851
:106DF0006C2A00F0578144F001040846FFF706B9F9
:106E000014F08F037FF46FA93A6C002A00F0E78139
:106E1000427844F080040846FFF7F8B858EA0408BE
:106E20007FF461A9427810240846FFF7EFB8F964AF
:106E3000FFF7A7B800233B62BB62FB6307F1540373
:106E4000BB64FFF7A9BB0023C7E906333B6207F128
:106E5000540429E4DBF8003007F1700211461A7877
:106E60008A5C002A3FF43FA90133CBF80030DBF8FD
:106E70000430B8F1010F03F1FF33CBF8043018BF31
:106E80000C4614D1FFF753BBDBF800301A78A25C34
:106E90000133002A3FF44BABCBF80030DBF8043071
:106EA0000135013B4545CBF804303FF440AB002BA6
:106EB000EADC5946484603F0A7F90028E4D0AA4482
:106EC000FFF743B818EE100A594603F09DF9002861
:106ED0003FF48EAEB542544618EE109AD7F83CA057
:106EE0007FF491AEFFF7F6B897F8502028E42368B6
:106EF000042B7FF432AC32E4831C40F03983DBF89E
:106F00000430002B40F3D781DBF800307A6A1B781D
:106F1000D35C180703D4B8F1000F7FF449AB7C624F
:106F20007B6B002B7FF411A8BA6C1360FB6B002BFA
:106F30003FF4FCADBB6AD11A8B103A6A01339A4216
:106F40007FF6F4ADFC6B0431206801F06FFF002880
:106F50007FF43AACEAE553F8042B82ED000B3B6377
:106F6000E4E5FD68396A7E6828464246A346BC6867
:106F700002F098FF7B6BFB6124F42074013E054610
:106F8000FFF7C8B9F869D9001D4601F04FFFF86155
:106F9000002800F064823A6A6B0000EB040810607D
:106FA000BB61FFF7EABB022E40F2C482032E3FF41E
:106FB000D3A9043E5FFA86F86FEA0803EE1815F8C5
:106FC000011D5A46484603F0DFF8AE42F7D10AF1F8
:106FD000FF3AAAEB080AFFF7BFB9F964FEF7B5BF9D
:106FE0000323FB63FFF793B9117B0000E805002042
:106FF000CD7900004FF6F672934200F297823A6C18
:1070000008339BB21068F86399007B6301F00EFFB0
:10701000002800F07B823A6C7B6B9380106042E525
:1070200001217AE54FF6F672934200F2938208331B
:107030009EB23B6CB100186801F0F8FE3B6C002872
:1070400000F03E829E801860FFF79BBA4FF6F67202
:10705000934200F27F823A6C08339BB29900106829
:10706000BB6401F0E3FEBB6C002800F028823A6CA0
:1070700093801060FFF70EBB4FF6F672934200F25A
:1070800055823A6C08339BB21068F86399007B63B1
:1070900001F0CCFE002800F039823A6C7B6B9380C3
:1070A000106070E5827844F002040230FEF7AEBF53
:1070B000827844F008040230FEF7A8BF630758D472
:1070C00014F001027FF428AAA6077FF525AAB34B86
:1070D000F96A99424846BB6BB96A00F03D8202F0FA
:1070E00097FD3B6B53F8042B3B63C2E90001FFF7AC
:1070F00018BA3B6BF96453F8042B3B6382F800A089
:10710000FEF723BFDBF80030A54E1A78B25C1207F9
:107110003EF51BAF0133CBF80030DBF80430B8F19B
:10712000010F03F1FF33CBF8043008BF0AF1010A65
:107130003EF40BAF012411E0DBF800301A78B25CAA
:10714000150703F1010311D4CBF80030DBF804304C
:107150000134013B4445CBF8043007D0002BEBDC75
:107160005946484603F050F80028E5D0A244FEF7FF
:10717000ECBE3B6B53F8042B3B631080FFF7D1B997
:107180003B6C002B00F06E813B6CD3F80080DE88F6
:1071900076B10024A8F10405A14655F8043F18680B
:1071A00000F0DCFA01342B68A642C3F80090F4D159
:1071B0004FF0FF337B64B8F1000F7EF49CAFFEF715
:1071C0009DBF78483B6301F0DFFF84ED000AADE42A
:1071D0003A6BFC6352F8045B3A63BC646CE482B0C3
:1071E000CDE9023302AB3B6412E67B6353002046D9
:1071F0001946FB6301F01AFE0446002800F0AD803A
:10720000BB6C851918607B6B75E47D6929460A2380
:107210000131484602F0A2FBBB69C21A9DE5D7E9DD
:107220000C3253F8041B3A62B9643B63BA62FA63E6
:10723000FFF7B2B93B6BBC6453F8045B3B63AAE451
:107240003B6BBA6A53F8044BBA61C7E907223B6348
:10725000FFF72ABABC6C206801F0E8FD00287FF433
:10726000B3AA63E4594648467B6302F0CDFF7B6BCB
:1072700000283FF449AC4DE418681C4601F0D6FDE7
:1072800000283FF4CCAC2060C9E4002537E6BD6C93
:10729000D7F83CA07E624446002D3FF47CAA013D15
:1072A00007F5B8735A46595D484602F06DFF002D48
:1072B000F5D1FFF770BA5946484602F0A5FF0028FD
:1072C0003FF422AE7C62002D7EF404AF28E67C629F
:1072D000002D3FF425AE013D07F5B8735A46595DC0
:1072E000484602F051FF002DF5D119E6E5073CD4E0
:1072F000A4073AD53B6BF96453F8042B3B634FEA80
:10730000EA73C2F800A05360FEF71FBE18EE109A91
:107310001E46FFF714B8012324F4F064BB64FEF7A3
:10732000F6BFB8F1010F38BF4FF0010814F00103A8
:107330003AD1E50600F13681240640F14C813B6BE1
:1073400053F8045BBB64002D3EF4CDAE404600F024
:10735000FDF90346002840F0DC803B6C002B00F078
:107360008180D3F80080DE8812E73B6BF96453F824
:10737000042BC2F800A03B63FEF7E7BD2B46BD6AB5
:10738000AB427EF6B0AE1C4614F8011D5A46484684
:1073900002F0FAFEAC42F7D1FEF7A5BE117B000069
:1073A000F1050020E003002014F010037B635ED0A1
:1073B0000025FD63BD642E4600244B46C146A84609
:1073C00025461C4600F0CCFDA8423EF483AEDBE926
:1073D000003213F8011B013ACBE900327A6A07F553
:1073E000B870032A415505F1010307F1680502D180
:1073F0002A68042A06D0082200212846BB6200F031
:107400002BFDBB6A009507F5B87231462046BB627A
:1074100000F05CFC431C78623EF45CAEBB6A002862
:1074200040F047817A6B02B932609A4409F1FF3922
:107430007B6B002B40F07581BB6C002B00F07081E2
:10744000FB6BF51AB8EBA50F00F26A8118464FEAFC
:10745000C80101F0EBFCF863002840F05C813B6C54
:10746000002B2DD14FF0FF337B64FEF747BE220681
:1074700040F18F803C6B54F8043BBB64002B3EF41E
:1074800032AE802000F062F906460028E7D0BB6CDF
:1074900018603B6CDD889A889542C0F0B3804FF647
:1074A000F6718A4256D8083293B23A6CFB6399005F
:1074B000106801F0BBFCFB6B002840F0AE803B6C19
:1074C000DB883A6C1E46D2F8008061E62B46BD6A26
:1074D000AB427EF608AE1C4614F8011D5A464846DB
:1074E00002F052FEAC42F7D1FEF7FDBD1046D900C6
:1074F0001E4601F09BFCB8620028B0D04219BA6465
:10750000FA6B7D6B106073003B62F8E4D7F83C8047
:107510003EE6396C2860CE888A889642C0F08E801C
:107520004FF6F6718A42386340F2A5803B6CD3F87F
:1075300000802DE6BA6A95427EF6D5AD2C46BD6A2E
:1075400014F8011D5A46484602F01EFEAC42F7D11F
:10755000FEF7C9BD2B46B4E702F02AFCC1E5D8F816
:1075600000301D4601337FF4D5A82A46FFF7E8B85E
:10757000BB6C186802F05EFC00287FF4A8AE032CF8
:10758000AA447FF449A83368042B7FF445A8FFF789
:1075900045B8D7E90C3253F8046B3B631546FA63E0
:1075A000BA6409E71C46DBF80430984539DDDBF89E
:1075B00000201A44CBF80020594648461C44A8EB4A
:1075C000030802F021FE0028EDD0002C3EF482AD2D
:1075D000A244FEF7BABC3D6B43462968CDF800B023
:1075E0000122484602F02EFE044600283EF472AD09
:1075F0000435BD647B6C01337B64BB6C3B63A2448C
:10760000FEF7A3BC1868BB6C40F825303B6C3C63AC
:107610000135DD80FE632025CEE63A6C9380106054
:10762000F1E7A3EB0803CBF80430DBF80030444467
:107630004344CBF80030A244FEF787BC0A68FA63E3
:10764000FA6B42F826503A6C0136B6B2D68019462B
:10765000CDF800B043460122484602F0F3FD04464F
:10766000D8B18045C6D92868214601F0DFFB002843
:10767000C0D02860BEE73B6C083294B21A687A63C7
:107680001046A10001F0D2FB7A6BF86300285BD0B2
:107690003B6C9C8018603B6BD2E77B6CD7F83C80DE
:1076A000002B3FF475ADBBF80C305B067EF51DADCD
:1076B0006AE57A6A02321DD1DBF80420002A1D46F1
:1076C0003FF780AE5946204602F09EFDE0B9B9F181
:1076D000000F7FF477AE4546A146BB6C23B1FB6B30
:1076E000F11AB5EBA10F27D87B6B002B7EF42DACE4
:1076F000FFF71CBA9A447B6A032B7FF497AE2B6882
:10770000042B7FF493AE93E6A1462C464546002C0D
:10771000E3D0FEF7DFBCBA6C461910604FEA4808A8
:107720000436DBF80430002B4FF00005CADDB9F158
:10773000000F7FF447AECEE7BC6C206801F076FB0B
:107740000028D1D02060CFE7904621E5024B0146CA
:10775000186800F00BB800BF447E0020024B0146C1
:10776000186801F053BF00BF447E00202DE9F04FA0
:1077700001F10B06162E83B0044624D8102900F21E
:10778000BA8000F0D1FD102618220220B54F3A44ED
:10779000A2F1080153688B4200F0BA805A68D96898
:1077A00022F003021A449D68E9608D60516841F03F
:1077B00001012046516003F1080500F0BBFD284699
:1077C00003B0BDE8F08F36F0070600F19480B142B7
:1077D00000F2918000F0A8FDB6F5FC7FC0F09A8120
:1077E000730A00F08F80042B00F26F81B30903F15C
:1077F000390003F1380CC3009A4F3B44A3F108054C
:107800005B689D4206D10CE0002980F22781DB688D
:107810009D4206D05A6822F00302911B0F29F3DD26
:1078200060463D69DFF850C265457CD06A6822F049
:107830000302931B0F2B00F37B81002BC7E904CCC1
:1078400080F26C81B2F5007F80F01A81D3087968EC
:1078500001334FEA521E012202FA0EF20A4357F890
:1078600033E0C5F808E007EBC3010839E9607A6046
:1078700047F83350CEF80C508310012199409142C3
:1078800057D8114206D120F003004900114200F1FF
:107890000400FAD007EBC0094D468646D5F80C80A7
:1078A000454508D11DE1002B80F22481D8F80C80D9
:1078B000454500F01681D8F8042022F00302931BFE
:1078C0000F2BF0DD2046D8E9025408EB060146F004
:1078D0000106C8F80460EC60A56043F00104C7E944
:1078E0000411C1E902CC4C6048F8023000F022FDDE
:1078F00008F1080502E00C2323600025284603B0A8
:10790000BDE8F08F4FF4007340204FF03F0C73E759
:10791000D3689A4208BF02307FF440AF3D69DFF878
:1079200058C1654582D17A688310012199409142FE
:10793000A7D9BD686B6823F003094E4503D8A9EBAE
:1079400006030F2B7ADCDFF834B1474BDBF800205D
:107950001B680132334405EB090A00F0338103F55B
:1079600080530F3323F47F6828F00F0841462046E8
:1079700002F008FB411C024600F0F380824500F251
:10798000EE803A4B196841441960084600F04E8178
:10799000DBF80010019301311BBFA2EB0A010918AB
:1079A000CBF80020196012F0070B00F01781CBF123
:1079B00008010A44CBF5805190440831A1EB08013D
:1079C000C1F30B0A51462046009202F0DBFA421C3A
:1079D000DDE9002300F04F81801A00EB0A081968E6
:1079E000BA6048F001005144BD425060196000F097
:1079F0002981B9F10F0F40F227816868A9F10C0CB9
:107A00002CF0070C00F0010040EA0C0068604FF019
:107A1000050E05EB0C00BCF10F0FC0E901EE00F202
:107A2000328150681546124B1A688A4238BF196075
:107A3000104B1A688A4238BF196094E0AA1943F0C3
:107A4000010346F001066E602046BA60536000F004
:107A500071FC0835284603B0BDE8F08FD9681A4498
:107A6000A1E600BF287A00208886002058860020E2
:107A70008086002084860020307A0020307E00201E
:107A8000B2F5206F4FEA522363D3142B00F2B78074
:107A900003F15C01C9005B3307EB010E7958AEF1CD
:107AA000080E8E4500F091804B6823F0030393424B
:107AB00002D989688E45F7D1D1F80CE07A68C5E91A
:107AC000021ECEF80850CD60D6E6142B59D9542B9F
:107AD00000F29D80330B03F16F0003F16E0CC300C5
:107AE0008AE60EF1010E1EF0030F05F108057FF482
:107AF000D5AE51E0424445465368D8F80C1043F0E7
:107B00000103536055F8083F2046D9608B6000F0B0
:107B100011FCF3E6F00806F1080237E62A44204695
:107B2000536843F001035360083500F003FCE5E6B9
:107B3000A919204646F0010643F001046E60C7E92A
:107B40000411C1E902CC4C60AB5000F0F3FB0835E6
:107B5000D4E6930903F13901C90038339CE7BD42EB
:107B60005FD0BD68686820F003084645A8EB0603AF
:107B700002D80F2B3FF762AF204600F0DBFB002559
:107B8000BCE603F15C0003F15B0CC30034E659F87A
:107B900008394B4540F0968010F0030F00F1FF309C
:107BA000F5D17B6823EA01037B60490099423FF6E7
:107BB000C0AE19B9BDE649000EF1040E1942FAD063
:107BC000704667E603F11008D0E69A104FF00108FE
:107BD0007B6808FA02F21A437A6070E702EB080148
:107BE0004942C1F30B0A51462046009202F0CAF9FD
:107BF000431CDDE900237FF4EFAEDA46EFE6542BB9
:107C000025D8130B03F16F01C9006E3344E7B3F5B8
:107C1000AA7F25D8F30B03F1780003F1770CC3009A
:107C2000EAE5294B186840441860B1E6CAF30B0C2A
:107C3000BCF1000F7FF4ACAEBD68C84448F0010051
:107C40006860F0E61546EEE60123536094E7B3F56D
:107C5000AA7F23D8D30B03F17801C90077331BE740
:107C600040F25452934223D8B30C03F17D0003F148
:107C70007C0CC300C0E5ABF1080BD844A8EB0208AC
:107C80004FF0000AABE605F108012046009301F031
:107C9000BDFCBD68009B68681968C4E640F2545199
:107CA0008B420BD8930C03F17D01C9007C33F3E6C2
:107CB0004FF47E737F204FF07E0C9DE54FF47E7174
:107CC0007E23E9E67B6870E75886002070B582B0B5
:107CD0000446069D55B16AB10F480095D0F8E4609E
:107CE0002046B047431C10D002B070BD00F1F4052F
:107CF000002AF1D1084B0095D3F8E4601146012326
:107D0000064A2046B047431CEED100228A232A604F
:107D1000236002B070BD00BFBC780020E0030020EB
:107D200088420DD98B1883420AD900EB020CBAB1F4
:107D3000624613F801CD02F801CD9942F9D170479E
:107D40000F2A0ED8034602F1FF3C4AB10CF1010C98
:107D5000013B8C4411F8012B03F8012F6145F9D147
:107D6000704740EA01039B0750D1A2F1100370B5A0
:107D700001F1200C23F00F0501F1100E00F11004A9
:107D8000AC441B095EF8105C44F8105C5EF80C5CB7
:107D900044F80C5C5EF8085C44F8085C5EF8045C2F
:107DA00044F8045C0EF1100EE64504F11004E9D12C
:107DB000013312F00C0F01EB031102F00F0400EB82
:107DC000031327D0043C24F003064FEA940C1E440E
:107DD0001C1F8E465EF8045B44F8045FB442F9D180
:107DE0000CF1010402F0030203EB840301EB8401B4
:107DF00002F1FF3C4AB10CF1010C013B8C4411F83B
:107E0000012B03F8012F6145F9D170BD02F1FF3C50
:107E100003469BE72246EBE700B50B4C256814466A
:107E2000EE681A4685B003460D464CB107490095E9
:107E3000CDE901143046064901F0E8FFFAF75CFF8E
:107E400004490C46F3E700BF447E0020D403002021
:107E5000E4030020E0030020830730B548D0541E1F
:107E6000002A3FD0CAB2034601E0013C3AD303F8EE
:107E7000012B9D07F9D1032C2DD9CDB245EA05255B
:107E80000F2C45EA054536D9A4F1100222F00F0C5B
:107E900003F1200EE6444FEA121C03F1100242E9FE
:107EA000045542E9025510327245F8D10CF1010235
:107EB00014F00C0F03EB021204F00F0C13D0ACF112
:107EC000040323F003030433134442F8045B934296
:107ED000FBD10CF003042CB1C9B21C4403F8011B04
:107EE0009C42FBD130BD64461346002CF4D1F9E727
:107EF00003461446BFE71A46A446E0E713460A467F
:107F00000146022004F0DCBF70B50D4E0D4D761B0E
:107F1000B61006D0002455F8043B01349847A64219
:107F2000F9D1094E094D761B06F0B2FFB61006D006
:107F3000002455F8043B01349847A642F9D170BD9E
:107F4000801E0060801E0060881E0060801E006031
:107F5000704700BF704700BF704700BF704700BF49
:107F6000014B93F828017047BC7800200048704707
:107F7000AC790020000000000000000000000000BC
:107F800000000000000000000000000000000000F1
:107F9000A2EB0300704700BF02780B78012A28BFCC
:107FA0009A42F5D16DE9044540EA0104CDE9026742
:107FB0006FF0000C4FEA447212B380EA010414F02F
:107FC000070F6AD100F0070420F0070004F0030552
:107FD00021F007014FEAC505F0E8042314F0040F6F
:107FE000F1E804670CFA05F462EA040266EA0406A2
:107FF0000AD063EA0403624667EA0407664603E0C0
:10800000F0E80423F1E8046782FA4CF582EA0604FA
:10801000A4FA8CF46CBB83FA4CF583EA0705A5FA45
:108020008CF595B950E9022351E9026782FA4CF5C3
:1080300082EA0604A4FA8CF483FA4CF583EA070575
:10804000A5FA8CF52543DBD09CB92DBAB5FA85F499
:1080500024F0070427FA04F1DDE9026723FA04F3A8
:1080600003F0FF0001F0FF01FDE80445A0EB010073
:10807000704724BAB4FA84F424F0070426FA04F111
:10808000DDE9026722FA04F202F0FF0001F0FF01CD
:10809000FDE80445A0EB0100704714F0030F3CD14C
:1080A00010F0030428D150F8082B51F8083B82FA4D
:1080B0004CF582EA0305A5FA8CF55DB950F8042C5D
:1080C00051F8043C82FA4CF582EA0305A5FA8CF5D6
:1080D000002DE8D02DBAB5FA85F424F0070423FA70
:1080E00004F122FA04F202F0FF0001F0FF01FDE8C2
:1080F0000445A0EB010070474FEAC40420F00300E0
:1081000050F8082B21F0030151F8083B0CFA04F455
:1081100062EA040263EA0403C9E710F003041AD018
:10812000A1EB040120F00300E40750F8042B06D073
:108130000FD28B785FFAA2F4E41A06D12BB1CB7878
:108140005FFAB2F4E41A00D11BB920465DF8104B77
:10815000704701F1040150F8042BCC0721F0030112
:1081600051F8043B48D824D222F07F4482FA4CF5DF
:1081700094EA1325A5FA8CF50AD165B951F8043BA8
:1081800084EA0204B4EB036F0ED150F8042BEBE742
:108190004FEA132355E035F07F454DD10878FDE8CF
:1081A0000445C0F1000070474FEA126203F0FF037C
:1081B00047E002EA1C4482FA4CF594EA1345A5FA1A
:1081C0008CF50AD165B951F8043B84EA0204B4EB9A
:1081D000034F0CD150F8042BEBE74FEA134330E088
:1081E00015EA1C4528D10B884FEA124229E04FEAD4
:1081F000124203EA1C4324E002F0FF0482FA4CF529
:1082000094EA1365A5FA8CF50AD165B951F8043BD7
:1082100084EA0204B4EB032F09D150F8042BEBE7F6
:108220004FEA13630DE015F0FF0F05D10B684FEA1D
:10823000122223F07F4304E04FF00000FDE80445E4
:10824000704712BA1BBA82FA4CF482EA0304A4FA09
:108250008CF5B5FA85F402FA04F203FA04F34FEA56
:108260001260FDE80445A0EB1360704780EA01024C
:10827000844612F0030F4FD111F0030F32D14DF8A5
:10828000044D11F0040F51F8043B0BD0A3F101325F
:108290009A4312F0803F04BF4CF8043B51F8043B72
:1082A00016D100BF51F8044BA3F101329A4312F0EA
:1082B000803FA4F101320BD14CF8043BA24312F0F1
:1082C000803F04BF51F8043B4CF8044BEAD02346EE
:1082D0000CF8013B13F0FF0F4FEA3323F8D15DF8A0
:1082E000044B704711F0010F06D011F8012B0CF868
:1082F000012B002A08BF704711F0020FBFD031F8E0
:10830000022B12F0FF0F16BF2CF8022B8CF8002066
:1083100012F47F4FB3D1704711F8012B0CF8012BE9
:10832000002AF9D1704700BF0148FFF715BE00BF12
:10833000508600200148FFF711BE00BF5086002084
:10834000436C70B505460C464BB153F8240080B120
:10835000026843F824200023C0E9033370BD2122C2
:10836000042100F027FD034668640028EDD10020B9
:1083700070BD012101FA04F6721D9200284600F03A
:1083800019FD0028F3D0C0E90146E4E731B1436CA0
:108390004A6853F82200086043F82210704700BF73
:1083A0002DE9F0410E6980460F461D4601F1140E7D
:1083B0000020DEF800108CB202FB0453090C4FEAD7
:1083C000134C02FB01CC01309CB204EB0C448642FE
:1083D0004EF8044B4FEA1C45EBDC3DB1BB68B342A1
:1083E00007DD07EB860301365D613E613846BDE877
:1083F000F081796840460131FFF7A2FF0446B0B131
:108400003A69023207F10C0192000C30FAF73EF99A
:10841000D8F844307A6853F82210396043F8227053
:10842000274607EB860301365D613E61DEE7034BBD
:1084300003482246BA21FFF7EFFC00BF14040020D6
:108440008C0500202DE9F8431746274A1E460833BD
:108450000C46092E82FB03124FEAE3730546C3EB79
:10846000620339DD4FF0010C00214FEA4C0C6345EB
:1084700001F10101F9DC2846FFF762FF014668B30C
:10848000089B4361092F4FF00103036112DC0A349A
:108490000927BE420BDDF21BA61814F8013B0A2285
:1084A000303B2846FFF77CFFA6420146F5D108463F
:1084B000BDE8F88304F10909C8463C4418F8013BBB
:1084C0000A22303B2846FFF76BFFA0450146F5D155
:1084D000A7F108044C44DCE70021CCE70A46034B33
:1084E0000348D321FFF798FC398EE33814040020A9
:1084F0008C050020030C1B04D3B90004102310F0DA
:108500007F4F04BF0002083310F0704F04BF00011A
:10851000043310F0404F04BF80000233002805DB15
:1085200010F0804F03F1010308BF20231846704765
:108530000023E4E7036813F0070208D0D9071FD42B
:108540009A0722D55B08036001221046704799B252
:1085500009B91B0C1022D9B209B908321B0A190734
:1085600004BF1B090432990704BF9B080232D907D4
:1085700003D45B0802F1010205D003601046704786
:108580000022104670472022DFE79B08022203608A
:108590001046704738B5436C04460D464BB15868D9
:1085A000B0B102685A6000220123C0E90435C260FC
:1085B00038BD2122042100F0FDFB03466064002841
:1085C000EDD1094B0948002240F24511FFF724FC88
:1085D0001C220121204600F0EDFB0028F1D00122F1
:1085E0000223C0E90123DEE7140400208C050020EB
:1085F0002DE9F04F0E691569AE4285B088461446E4
:1086000005DB2A46234635460C4616469846A3689F
:108610006168AF19BB42B8BF0131FFF791FE01900D
:10862000002800F08780019B03F1140909EB870AF9
:10863000D14505D24B46002243F8042B9A45FBD87E
:1086400008F1140808EB860B04F11403D8451A4608
:1086500003EB85055FD22B1B153B23F0030304338B
:108660001534A54238BF0423CDE902A7AC461F4606
:10867000924605E0090C29D1C34509F1040948D9FE
:1086800058F8041B8DB2002DF4D056464C460023FA
:1086900056F8041B22681FFA81FE90B2090C05FBF4
:1086A0000E00120C034405FB012202EB13429BB2A5
:1086B00043EA0243B44544F8043B4FEA1243E7D887
:1086C00049F8073058F8041C090CD5D0D9F8003007
:1086D00050461A464C4600260588120C01FB05221E
:1086E00016449BB243EA064344F8043B50F8045B4B
:1086F00022682D0C93B201FB053303EB164384452E
:108700004FEA1346E8D8C34549F8073009F1040990
:10871000B6D8DDE902A7002F02DC05E0013F03D057
:108720005AF8043D002BF9D0019B18461F6105B093
:10873000BDE8F08F034B0448019A4FF4B171FFF785
:108740006BFB00BF140400208C05002012F0030313
:108750002DE9F0411446064632D10D46A41020D032
:10876000D6F84080B8F1000F33D0E3074FF0000790
:1087700007D4641015D0D8F80000A8B18046E307EC
:10878000F7D5424629463046FFF732FFB5B1696852
:10879000736C641053F821202A6043F82150054679
:1087A000E9D12846BDE8F081424641463046FFF710
:1087B0001FFFC8F8000007608046E0E70546D8E7DD
:1087C000013B0F4A52F823200023FFF7E9FD05463D
:1087D000C4E701213046FFF7B3FD804640B10123D5
:1087E00040F27122C0E90432002330640360BCE728
:1087F000044B0548424640F24511FFF70DFB00BF10
:10880000A0750020140400208C0500202DE9F047FD
:108810000D4614462F69AB68496807EB62177E1C4A
:108820009E4280464FEA621904DD5B009E4201F1E0
:108830000101FADC4046FFF783FD8446002852D050
:10884000B9F1000F00F114020EDD09F105014FEA44
:10885000810E134600EB8101002043F8040B8B428C
:10886000FBD1AEF114031A44296905F1140314F085
:108870001F0E03EB81012ED0CEF1200910464FF0E0
:10888000000A1C6804FA0EF444EA0A0440F8044B97
:1088900053F8044B994224FA09FAF2D84B1B153BC2
:1088A00023F00303043305F11500814238BF04238C
:1088B000BAF1000F18BF374642F803A0D8F8443089
:1088C0006A68CCF8107053F822102960604643F8AB
:1088D0002250BDE8F087043A53F8040B42F8040F25
:1088E0009942F9D8EAE7034B034862464FF4EF7127
:1088F000FFF792FA140400208C0500200B698446CF
:108900000069C01A16D10CF1140C14310CEB83025F
:1089100010B401EB830301E0944508D252F8044DF2
:1089200053F8041D8C42F7D005D24FF0FF305DF8AC
:10893000044B7047704701205DF8044B704700BF3F
:108940002DE9F84F0F691369FF1A002F0E46904664
:108950007FD101F11405143202EB830205EB83038E
:1089600001E09D4278D253F8041D52F8044DA14213
:10897000F7D069D37168FFF7E3FC8146002877D010
:108980003569D8F81020C76008F1140E06F11400FC
:1089900009F1140A06F110010EEB820200EB8507C3
:1089A00056464FF0000C5EF8044B51F804BFA3B2DA
:1089B0001CFA8BFCACEB03034FEA144CCCEB1B4CC6
:1089C0000CEB234C9BB243EA0C43724546F8043B44
:1089D0004FEA2C4CE7D8A2EB0801153908F115082D
:1089E000424521F0030404F1040438BF0424204468
:1089F00021F0030238BF002287425244544418D960
:108A00002646014651F8043B1CFA83FC4FEA2C42EF
:108A100002EB13421FFA8CFC4CEA02438F4246F8E9
:108A2000043B4FEA224CEDD8013F3F1A27F00307E1
:108A3000E21923B952F8043D013D002BFAD0C9F8E0
:108A400010504846BDE8F88F334601274646984601
:108A500090E7F9DB00278DE70021FFF771FC8146E5
:108A600068B101220023C9E904234846BDE8F88F14
:108A7000064B07484A4640F24521FFF7CDF9034B24
:108A800003484A4640F23721FFF7C6F91404002094
:108A90008C05002082B08DED000B164B019A13401F
:108AA000A3F15073002B06DD00221946104641EC5D
:108AB000100B02B070475B42B3F1A07F4FEA235224
:108AC00009DA4FF40023134100221946104641EC05
:108AD000100B02B07047A2F114031E2BDABF4FF047
:108AE0000042DA40012200231946104641EC100BE7
:108AF00002B070470000F07FF8B5046900F1140679
:108B000006EB8404271F54F8045C2846FFF7F2FCA8
:108B1000C0F120030A280B601BDDBE420BD20B38CC
:108B200054F8081C2ED145F07F5343F440130A46F5
:108B300043EC102BF8BDB0F10B01F4D005FA01F1B4
:108B400041F07F53002143F440130A4643EC102BBD
:108B5000F8BDC0F10B0C25FA0CF1BE4241F07F5379
:108B600038BF54F8081C00F1150034BF21FA0CF18D
:108B7000002105FA00F0014343F440130A4643EC98
:108B8000102BF8BDC0F1200C854021FA0CF345EA0A
:108B90000307A4F10805AE4201FA00F13CBF54F806
:108BA0000C0C20FA0CF047F07F5338BF014343F41C
:108BB00040130A4643EC102BF8BD00BF2DE9F043EB
:108BC000884683B0012157EC106B1546FFF7B8FBC0
:108BD0000446002851D0C7F30A59C7F31303B9F16B
:108BE000000F01D043F48013002E019318D101A887
:108BF000FFF7A0FC019A6261012200F120032261CB
:108C0000B9F1000F25D0A9F2334909EB0302204640
:108C1000C3F13503C8F800202B6003B0BDE8F08332
:108C200068460096FFF786FC034610B3DDE90002B4
:108C3000C3F1200102FA01F10143DA4061610192BE
:108C4000002AA26114BF022201222261B9F1000FA1
:108C5000D9D1A3F23243C8F8003004EB820318697B
:108C6000FFF748FCC0EB421320462B6003B0BDE881
:108C7000F083009A6261019AE2E7034B03482246BF
:108C800040F20F31FFF7C8F8140400208C050020D3
:108C9000F0B583B00E4669460746FFF72DFF01A9E0
:108CA000304655EC104BB0EE407BFFF725FF3369A3
:108CB0003A69D21ADDE900315B1A03EB4213002B4B
:108CC00009DD17EE902A02EB035545EC174B87EEB2
:108CD000000B03B0F0BD10EE902A51EC100BC3EB6B
:108CE000033302EB035141EC100B87EE000B03B092
:108CF000F0BD00BF0139491101F1010C116902F108
:108D0000140303EB81018B4200EB8C0C17D210B5DE
:108D1000A0F1040E53F8044B4EF8044F9942F9D8D1
:108D20008A1AA2F1150323F003030433184484457F
:108D300004D9002340F8043B8445FBD810BD84458A
:108D400005D9002340F8043B8445FBD870477047A1
:108D500003694A11934200F1140009DA00EB83031E
:108D600002E053F8042DC2B98342FAD800207047BC
:108D700010DD11F01F010DD010B450F8224000EBAF
:108D8000820324FA01F28A4094420CD001205DF85B
:108D9000044B704700EB8203E6E70120704753F86D
:108DA000042D002AF2D18342F9D800205DF8044B4B
:108DB000704700BF38B5A1FB02148CBBFEF7D6FC90
:108DC0000546E0B150F8042C22F00302043A242AAC
:108DD00017D8132A1AD91B2AC0E900441DD9242AFE
:108DE00014BF00F1100200F118024FF00003C0E9B7
:108DF000024404BF04614461C2E900339360284621
:108E000038BD2146FFF728F8284638BD0246002322
:108E1000C2E900339360284638BD00F10802F6E746
:108E2000FDF766F80C2300250360E8E710B4044C56
:108E300003460A4620685DF8044B194600F0AAB9BB
:108E4000447E002038B5074D0022044608462A60BB
:108E5000F9F742FF431C00D038BD2B68002BFBD034
:108E6000236038BDE4870020024A0349034801F02B
:108E70009BB800BF387E002031B00000787700201A
:108E80000C4B4168994210B5044601D004F098F8A3
:108E9000A168094B994202D0204604F091F8E1689C
:108EA000064B994204D02046BDE8104004F088B833
:108EB00010BD00BF8C860020F48600205C87002057
:108EC0002DE9F8432A4C2B4B2B48DFF8C090DFF8F4
:108ED000C0802A4F1860002504230822294604F187
:108EE0005C00274E6566C4E90253C4E90055C4E935
:108EF0000455A561FEF7B0FF224B6367082229469F
:108F000004F1C400C4E90749C4E90987C4E91A5552
:108F1000C4E91E55C4F8CC502567C4F88050E662F9
:108F2000FEF79AFF184BC4F8DC30294604F16803B9
:108F3000082204F59670C4F88430C4E92298C4E984
:108F40002476C4E93455C4E93855C4F83451C4F81A
:108F5000D850C4F8E850FEF77FFF04F1D003C4E90D
:108F60003C98C4E93E76C4F8EC30BDE8F88300BF15
:108F70008C860020C4870020D96E00000D3F0000C1
:108F80002D3F00000900010012000200A53E000074
:108F9000CD3E000010B504460A48FEF7DDFF636BC6
:108FA00023B9094B094A1B68626323B1BDE810402D
:108FB0000448FEF7D3BFFFF783FFBDE81040014828
:108FC000FEF7CCBF54860020C4870020F16E00005D
:108FD0000148FEF7C1BF00BF548600200148FEF7DC
:108FE000BDBF00BF5486002000000000000000004C
:108FF0000000000000000000000000000000000071
:109000000000000000000000000000000000000060
:1090100090F800F06DE9024520F007016FF0000CB8
:1090200010F0070491F820F040F049804FF0000460
:109030006FF00700D1E9002391F840F000F108003B
:1090400082FA4CF2A4FA8CF283FA4CF3A2FA8CF373
:109050004BBBD1E9022382FA4CF200F10800A4FADA
:109060008CF283FA4CF3A2FA8CF3E3B9D1E904232E
:1090700082FA4CF200F10800A4FA8CF283FA4CF365
:10908000A2FA8CF37BB9D1E9062301F1200182FA1F
:109090004CF200F10800A4FA8CF283FA4CF3A2FA25
:1090A0008CF3002BC6D0002A04BF04301A4612BA33
:1090B000B2FA82F2FDE8024500EBD2007047D1E936
:1090C000002304F00305C4F100004FEAC50514F0C5
:1090D000040F91F840F00CFA05F562EA05021CBF96
:1090E00063EA050362464FF00004A9E770B50C7807
:1090F0005E2C86461ED00022481C94460EF1FF339B
:109100000EF1FF0103F8012F8B42FBD184B18CF0EB
:1091100001010EF80410451C15F8013C2D2B0ED052
:109120005D2B03D01BB11C462846F2E7284670BDD4
:10913000013870BD01224C78881C9446DEE790F817
:1091400001C0BCF15D0FEED06445ECDC661C023062
:109150000EEB060202F8011BA2EB0E03013B9C453D
:10916000F8DCACEB0403013B6445A8BF00230235E7
:109170009C19D1E7000000009FED010B704700BF74
:10918000000000000000F87F9FED010A704700BF5B
:109190000000C07F2DE9F84F1746002900F09880A5
:1091A0000C4607F10B058046FFF7BEF8162D54F864
:1091B000041C5BD810252A46AF425CD821F0030678
:1091C0009642A4F1080962DABC4BD3F808C009EB57
:1091D0000600844500F09780D0F804C02CF001030D
:1091E00003445B68DB0768D42CF0030C06EB0C032C
:1091F000934247DACB0710D454F8083CA9EB030A92
:10920000DAF8043023F003018C44B444944580F22E
:1092100011817318934280F2E88039464046FEF788
:10922000A5FA0746E0B154F8043C23F001034B448F
:10923000A0F10802934200F0D280321F242A00F2EB
:10924000F580132A00F2AC800346224611681960AB
:109250005168596092689A602146404600F0D6F9FC
:109260004046FFF767F83846BDE8F88F25F0070558
:10927000002D2A46A0DA0C23C8F800300027384613
:10928000BDE8F88F1E46D0E90223D3609A60731BB5
:109290000F2B22D8D9F8043003F0010333434E4496
:1092A000C9F80430736843F00103736040462746F1
:1092B000FFF740F83846BDE8F88FC907ADD454F839
:1092C000083CA9EB030ADAF8041021F00301A0E737
:1092D000BDE8F84F1146FEF749BAD9F8042009EB6A
:1092E000050102F001024E4443F001032A43C9F88C
:1092F00004204B60736843F00103083173604046FB
:1093000000F084F9D2E7DCF8040020F0030B06EB50
:109310000B0C05F1100084454DDAC9073FF57DAF10
:1093200054F8081CA9EB010ADAF8041021F0030133
:109330008B44B34458453FF76CAF5746DAF80C10EE
:1093400057F8080F321F242AC160886000F2DB80C2
:10935000132A40F2D6802168CAF808106168CAF85A
:109360000C101B2A00F2DF8008340AF11002216879
:10937000116061685160A16891600AEB0501ABEB77
:10938000050242F0010299604A60DAF8043003F005
:1093900001032B434046CAF80430FEF7CBFF6EE7CB
:1093A00023680360636843601B2A68D804F10802DD
:1093B00000F108034AE709EB05029A60ACEB0503EC
:1093C00043F00103536054F8043C03F001032B43C2
:1093D000404644F8043CFEF7ADFF27464FE750F8FF
:1093E000043C23F003031E4451E75746DAF80C10FF
:1093F00057F8080F321F242AC16088604CD8132AFE
:1094000048D92168CAF808106168CAF80C101B2AEC
:1094100056D808340AF110021E46236813606368A8
:109420005360A3689360D1463C4630E72146FEF77F
:1094300077FC11E7D0E902135746CB60996057F8E3
:10944000081FDAF80C30CB60321F242A99602DD81F
:10945000132A29D92368CAF808306368CAF80C307F
:109460001B2A42D808340AF1100322681A60626885
:109470005A60A2689A606646D1463C4607E7A368F0
:109480008360E368C360242A26D004F1100200F14F
:109490001003DBE63A46BFE7214638461E46D14672
:1094A000FEF73EFC3C46F2E63B46DEE72146384608
:1094B0006646D146FEF734FC3C46E8E6287A0020B2
:1094C000A168CAF81010E168CAF81410242A20D044
:1094D00010340AF118029FE7236903616169416151
:1094E00004F1180200F11803B0E6A368CAF81030BE
:1094F000E368CAF81430242A21D010340AF1180382
:10950000B3E73A4633E721463846FEF709FC164BE7
:1095100033E72269CAF818206269CAF81C20183497
:109520000AF1200278E7A168CAF81010E168CAF8C9
:109530001410242A0DD010340AF1180217E72369F9
:10954000CAF818306369CAF81C3018340AF12003CD
:109550008BE72269CAF818206269CAF81C201834FF
:109560000AF1200203E700BF287A0020F8B5244F53
:109570000C460646FEF7D8FEBB685D68C4F57E6102
:109580000F3125F003054B1923F47F6323F00F03FC
:10959000A3F58054B4F5805F07DB0021304600F06E
:1095A000F1FCBB682B44984204D03046FEF7C2FE63
:1095B0000020F8BD6142304600F0E4FC01300DD0DF
:1095C000104ABB682D1B45F001055D6013683046ED
:1095D0001B1B1360FEF7AEFE0120F8BD00213046D4
:1095E00000F0D0FCBA68831A0F2BDEDD43F00103D4
:1095F0005360054B03491B68C01A0860D5E700BFDC
:10960000287A002058860020307E0020002961D072
:10961000F8B50C460646FEF787FE54F8042C7B4F3F
:10962000A4F1080522F0010105EB010CB868DCF893
:109630000430604523F0030300F08B80D207CCF8A0
:10964000043032D454F8082CAD1A1144AA6807F13A
:10965000080082426AD00CEB0304D4F804E0EC6802
:10966000D4601EF0010FA26000F0978041F001036A
:109670006B60CCF80010B1F5007F35D27868CB086C
:109680000122490901338A40024357F833107A60B6
:1096900007EBC302083AC5E9021247F83350CD6020
:1096A0003046BDE8F840FEF745BE0CEB03025268B9
:1096B000D00710D4194407F10800DCF808308342C1
:1096C00073D0DCF80C20DA60936041F001036B602A
:1096D0006950D0E7704741F00103B1F5007F44F8CD
:1096E000043CCCF80010C9D3B1F5206F4FEA5123E8
:1096F00048D28B0903F1390003F13802C300F8188E
:10970000FB580838984259D05A6822F003028A421E
:1097100002D99B689842F7D1D868C5E902308560C4
:10972000DD603046BDE8F840FEF704BE0CEB0302F6
:109730005268D20763D40B44DCE90212CA6091601C
:1097400043F001026A603046EB50BDE8F840FEF796
:10975000F1BD0B44D10707D454F8082CAD1A1344BB
:10976000D5E90212CA60916043F001026A60284A9A
:10977000BD6012689A4293D8264B30461968FFF7AD
:10978000F5FE8DE7142B0AD9542B1FD80B0B03F1D0
:109790006F0003F16E02C300B1E719448DE703F1D6
:1097A0005C0003F15B02C300A9E741F00103C7E9D4
:1097B0000455C5E902006B60695071E77968921041
:1097C000012404FA02F20A437A60A6E7B3F5AA7FFD
:1097D00006D8CB0B03F1780003F17702C3008EE7C4
:1097E00040F25452934206D88B0C03F17D0003F1F2
:1097F0007C02C30083E74FF47E737E227FE741F053
:1098000001036B60CCF800104AE700BF287A002003
:10981000347E002088860020012B2DE9F84F40D0AF
:10982000242B98463DD84C4D8E4676461EF801BBFB
:1098300015F80B4014F00804F7D1BBF12D0F72D0CE
:10984000BBF12B0F08BF9EF800B06FF0004908BFB6
:1098500006F1020E002B42D0102B57D0B9FBF8F7BF
:1098600000252E4608FB179A05E033D008FB06C6F4
:1098700001251EF801BBABF1300CBCF1090F06D974
:10988000ABF1410CBCF1190F12D8ABF1370C6345A9
:1098900017DDB5F1FF3FECD0B742E6D24FF0FF3510
:1098A000E7E7FCF725FB162303600020BDE8F88FEF
:1098B000ABF1610CBCF1190F03D8ABF1570C634548
:1098C000E7DC6B1C27D08CB90AB1A5BB1160304610
:1098D000BDE8F88FE245C9DA4FF0FF35C9E7BBF1C3
:1098E000300F05D04FF00A084346B7E77642EBE762
:1098F0009EF8003003F0DF03582B21D14FF0100801
:109900009EF801B043460EF1020EA7E7BBF1300FFF
:109910001AD09846A2E72223036072B10EF1FF31FC
:109920004E461160D3E79EF800B04FF0004906F1B3
:10993000020E01248EE7B146F0E74E463046C7E7F7
:109940004FF00808434689E79EF8005005F0DF0510
:10995000582DD3D0984681E7F1050020FFF75CBF72
:109960002DE9F04707464C480E46354616F801EB00
:1099700010F80EC01CF0080CF7D1BEF12D0F5AD014
:10998000BEF12B0F03BF96F800E06446AE1C6446A0
:109990005BB1102B54D04FF0FF38B8FBF3F803FB4A
:1099A00008FA6FEA0A0A994608E0BEF1300F5AD069
:1099B0000A23DFF8E8804FF0050A9946002528467B
:1099C00005E02CD009FB00C0012516F801EBAEF133
:1099D000300CBCF1090F06D9AEF1410CBCF1190FE6
:1099E0000BD8AEF1370C634510DDB5F1FF3FECD07D
:1099F0004045E6D94FF0FF35E7E7AEF1610CBCF129
:109A0000190F03D8AEF1570C6345EEDC6B1C0BD07D
:109A100004B140420AB165B91160BDE8F087D44590
:109A2000D0DD4FF0FF35D0E722233B602846002AE7
:109A3000F3D0711EF0E796F800E00124AE1CA7E712
:109A4000BEF1300F21D1307800F0DF00582816D158
:109A50004FF0100996F801E04FF00F0A02366FF050
:109A600070484B46AAE7337803F0DF03582BEFD05A
:109A700008234FF0070A6FF0604899469EE7994621
:109A80006FF070484FF00F0A98E74FF00F0A6FF031
:109A90007048994692E700BFF105002099999919FD
:109AA000FFF75EBF2DE9F04F85B01F46574B03907F
:109AB0008A4600920D462A4615F8014B1E5D16F0A7
:109AC0000806F8D12D2C75D02B2C05BF2C780296CA
:109AD0000296951C4FF0FF366FF0004B2FB1102F00
:109AE0006FD0B8464FEAE77905E0302C74D04FF0DC
:109AF0000A08B946474642464B4630465946FAF7A9
:109B000027FC0023019284460A461846194611E0B4
:109B10008A4208BF84453DD000FB09F308FB0133AE
:109B2000A0FB08010B441EEB000043EBEE71012388
:109B300015F8014BA4F1300EBEF1090F06D9A4F1BE
:109B4000410EBEF1190F0CD8A4F1370E774511DD87
:109B50005C1CEDD0844572EB0103D9D24FF0FF338A
:109B6000E6E7A4F1610EBEF1190F03D8A4F1570E78
:109B70007745EDDC5A1C13D0029A12B1404261EBDA
:109B80004101009A1AB1A3BB009BC3F800A005B025
:109B9000BDE8F08F019B7345BEDA4FF0FF33C7E796
:109BA000039A22231360009B33B305F1FF3A30463A
:109BB0005946E9E701232C780293951C4FF0004B9E
:109BC0008CE7302C04D12B7803F0DF03582B08D01E
:109BD000B8464FF000098EE72B7803F0DF03582BCF
:109BE0000FD14FF010086C784FF00009023547464E
:109BF00081E706468B46D8E73046594605B0BDE8B2
:109C0000F08F4FF00808B946474674E7F105002089
:109C1000FFF748BF2DE9F04F85B08B460192624AAD
:109C200003901E460D46294615F8014B135D13F0AF
:109C30000803F8D12D2C00F082802B2C03BF2C7848
:109C400002938D1C0293BEB1102E7DD04FEAE67AAE
:109C5000324653464FF0FF304FF0FF31FAF778FBB2
:109C600032460746884653464FF0FF304FF0FF31EB
:109C7000B146FAF76DFB0AE0302C79D04FF00A09B3
:109C8000DFF82881B24605224FF099374E464FF053
:109C9000000C6046614611E0414508BFB8423ED025
:109CA00000FB0AF409FB0141A0FB09042144181838
:109CB00041EBE3714FF0010C15F8014BA4F13003B7
:109CC000092B05D9A4F14103192B0DD8A4F13703B1
:109CD0009E4211DDBCF1FF3FEED0874278EB0104DC
:109CE000DAD24FF0FF3CE7E7A4F16103192B03D868
:109CF000A4F157039E42EDDCBCF1FF3F14D0029B60
:109D000013B1404261EB4101019B2BB1BCF1000F4B
:109D100012D1019BC3F800B005B0BDE8F08F9342AB
:109D2000BEDD4FF0FF3CC7E7039A22231360019B7F
:109D300060466146002BEFD005F1FF3BE9E70123C8
:109D40002C7802938D1C7EE7302C23D12B7803F0E6
:109D5000DF03582B1BD14FF010096C780F2202350E
:109D60004FF0FF376FF070484FF0000A4E468EE715
:109D70002B7803F0DF03582BEDD04FF00809B246E3
:109D800007224FF0FF376FF060484E467FE74FF0F5
:109D9000000A5DE70F224FF0FF376FF07048B146C1
:109DA0004FF0000A73E700BFF10500209999991957
:109DB000FFF730BF38B50C46084D844611462046A3
:109DC0001A4600232B606446F8F792FF431C00D02C
:109DD00038BD2B68002BFBD0236038BDE487002002
:109DE00038B50C46084D8446114620461A460023D5
:109DF0002B606446F8F76EFF431C00D038BD2B681B
:109E0000002BFBD0236038BDE48700200EB410B5D2
:109E100083B005AB064C53F8042B01930146206830
:109E200002F048F803B0BDE8104003B0704700BF2F
:109E3000447E0020002100F001B800BF10B500F002
:109E400071F9044600F06EF8A0F11A03DBB2022BA0
:109E500006D9A4F1090004288CBF0020012010BD00
:109E6000012010BD0EB410B59DB06FF000411FABC6
:109E7000CDE906010491094953F8042B0290084CDE
:109E80000868019302A9059400F036FA029B0022AB
:109E90001A701DB0BDE8104003B07047447E00202A
:109EA0000802FFFF41EA00039B0730B401D1032AF7
:109EB0000FD801F1FF3C07E01CF8011F03F8011B5C
:109EC000541EC1B1224618460346002AF4D130BCC4
:109ED00070470B46194653F8045BA5F1013424EA98
:109EE000050414F0803FE4D1043A032A40F8045BEF
:109EF0001946EFD8DDE70244002CE8D003F8011B37
:109F00009342FBD130BC704749B1FF2A02D80A7096
:109F1000012070478A2303604FF0FF3070470846E6
:109F2000704700BF154B984223D870B5144E4FF0C0
:109F3000000E40F6DB0403E002F1010EA64516DC3C
:109F400004EB0E0222F0010303EB620306EB430372
:109F5000521059785D88B3F804C041EA05218C4459
:109F60006045E9D8884206D2541EA645E8DDFF20A8
:109F700070BDFF207047187870BD00BFEF010E0064
:109F80006422002038B5074D0022044608462A60A6
:109F9000F8F786FE431C00D038BD2B68002BFBD0A1
:109FA000236038BDE48700202DE9F84380460F4642
:109FB00016464FF00009D6E90154013D11D4A3899A
:109FC000012B05F1FF3508D9B4F90E3001332146D4
:109FD00003D04046B84749EA00096B1C04F1680405
:109FE000EDD13668002EE6D14846BDE8F88300BFC3
:109FF000022932D00329C0F307231DBFA0F180023C
:10A0000083F08003D2B2C2B203F15001C9B21F295A
:10A0100006D84CF6D371884269D94FF0FF307047AB
:10A0200003F13001C9B224290ED84FF2A64188426B
:10A03000F3D8D03BC3EBC313A2F1A10000EB430064
:10A04000304A32F810007047A13B072BE5D8DFE813
:10A0500003F0483E342E29252119C2B29E2AC0F3AE
:10A0600007210BD92332D2B280239F2994BF7039A4
:10A07000503103EB410303F0FF03C5E77E3AD2B250
:10A080007F23F2E7C02AC8D81F4BA2F1A10033F802
:10A0900010007047F12AC0D81C4B19E0D82ABCD850
:10A0A0001B4B15E0F62AB8D802F540507047F32A4A
:10A0B000B3D802F53E5020307047164B134413F8C6
:10A0C000A13C002BA9D002F57E4060307047124BB6
:10A0D000A2F1A10033F81000002808BF4FF0FF30B4
:10A0E00070470E4BA2F1A10033F810007047B03B4F
:10A0F000C3EBC313A2F1A10000EB4300084A32F8FE
:10A10000100070478C570020B40A0020100A00206D
:10A11000A00900204409002088080020CC07002066
:10A12000F40A002038B50546B9B101F59574124915
:10A130002046FDF731FF28B928460121BDE8384007
:10A14000FFF756BF0D492046FDF726FF38B92846D0
:10A150000221BDE83840FFF74BBF094CE7E709494A
:10A160002046FDF719FF28B928460321BDE83840ED
:10A17000FFF73EBF284638BD600700206407002077
:10A18000E67900206C07002038B54B1C1AD0938963
:10A190001446126B23F02003A381CDB2AAB16268EA
:10A1A000636B9A4209DA23685A1E226003F8015C45
:10A1B000636801336360284638BD214604F04EF9D8
:10A1C0000028F0D04FF0FF35F5E7236922682BB166
:10A1D000934203D212F8013CAB420FD06168E163B5
:10A1E0002346A26304F1400103226263216303F862
:10A1F000425F0122C4E90032284638BD6368013A53
:10A200000133C4E90023D6E710B50C46096B69B1E8
:10A2100004F14003994201D0FFF7F8F9E36B636062
:10A220000020206313B1A36B236010BDA3892169B3
:10A23000002243F02003C4E90012A3814FF0FF3055
:10A2400010BD00BF2DE9F04F85B0CDE9023202FB11
:10A2500003F30E9C0193A3B3D4F804A0019B5345D0
:10A260008B4646D9A046019D58F8401B074600265C
:10A2700052465846F8F70AFA2368226B5344A94617
:10A28000C4E9003611463846D344A5EB0A05E2B1CD
:10A29000424501D0FFF7BAF9E36B26636360A3B1CF
:10A2A000A16B2160AB429A46E2D3029B01932A46FE
:10A2B0005846F8F7EBF9D4E90032521B2B44C4E9B5
:10A2C0000032019805B0BDE8F08F019A039B52441B
:10A2D000A2EB0902B2FBF3F30193A389226901986F
:10A2E00043F02003A3810023C4E9002305B0BDE8A7
:10A2F000F08F21681D46D8E72DE9F04F2DED088B32
:10A30000D1B00C460BEE101A904608938346FDF729
:10A310002DFE036812931846FEF77AFE20AF1090C8
:10A32000082200213846FDF797FDA3891B0603D5B7
:10A330002369002B00F0558700239FED838B9FED51
:10A34000849BCDE92533CDE91333CDE9153327AA15
:10A350000E9324929246119304934446A1467E4B59
:10A36000D3F8E450FDF7FCFD4A4603461CA90097CC
:10A370005846A847002800F0B080C0F2A6801C9A7A
:10A38000252A034601D09944E9E7B9EB04050646BE
:10A3900040F0A78000234FF0FF328DF867309846D9
:10A3A000069309F1010999F8003003922B25202624
:10A3B00009F10109A3F120025A2A00F2CF80DFE857
:10A3C00012F0E802CD00CD00E302CD00CD00CD00BB
:10A3D0006A00CD00CD0005028402CD001002C90242
:10A3E000CD00BD025B005B005B005B005B005B00BF
:10A3F0005B005B005B00CD00CD00CD00CD00CD004B
:10A40000CD00CD005301CD0083011A025301530149
:10A410005301CD00CD00CD00CD001502CD00CD0003
:10A420009602CD00CD00CD00AB01CD00AA02CD003B
:10A43000CD00E306CD00CD00CD00CD00CD00CD0098
:10A44000CD00CD005301CD008301DE015301530146
:10A4500053017702DE017F00CD008902CD005F024B
:10A46000E0062F027F00CD00AB017C00B806CD00D6
:10A47000CD00BD06CD007C00A3F13002002119F80B
:10A48000013B01EB810102EB4101A3F13002092AFA
:10A49000F5D906918EE75846FDF768FD4368159398
:10A4A0001846FEF7B5FD16905846FDF75FFD836828
:10A4B0001393169B002B40F02D8699F8003077E718
:10A4C00099F8003048F0200872E708220021384649
:10A4D000FDF7C2FC0123994441E7B9EB04050646A8
:10A4E00011D0269B2B442693259B0133072BCAE9C9
:10A4F000004525931CDC0AF1080A049B2B440493B5
:10A50000002E7FF447AF269B002B41F00B821BEE01
:10A51000103AB3F90C3013F0400F049B18BF4FF002
:10A52000FF330493049851B0BDEC088BBDE8F08F65
:10A530001BEE101A24AA584604F046F90028E6D16A
:10A540000DF19C0AD9E700BF0000000000000000E8
:10A55000FFFFFFFFFFFFEF7FBC7800200B93002B76
:10A56000D1D00021CDE90C118DF8DC3001238DF81C
:10A57000671002930791059303910F9137AC18F080
:10A580000203099302D0029B0233029318F0840362
:10A590000A9305D1069B029A9D1A002D00F3698348
:10A5A000269A89B125990DF1670001310132CAF867
:10A5B000000007294FF0010026922591CAF80400F7
:10A5C00000F3A2830AF1080A099B83B1259B1AA90B
:10A5D00001330232CAF80010072B4FF00201269215
:10A5E0002593CAF8041000F3A3830AF1080A0A9B12
:10A5F000802B00F06C82039B05995D1A002D00F3FF
:10A60000A58218F4807F40F00D82059BCAF80430C3
:10A610001A44259BCAF800400133072B2692259344
:10A6200000F31B830AF1080A18F0040F05D0069BFB
:10A6300002995C1A002C00F38883049B0699029807
:10A640008142ACBF5B181B180493002A40F0B08213
:10A6500000232593079B1BB107995846FEF7D6FFA9
:10A660000DF19C0A4C4679E60B93089B073323F0C7
:10A670000703B3EC028BB0EEC87BB4EE497BF1EE7E
:10A6800010FA089340F3E984B5EEC08BF1EE10FAAE
:10A6900001F159809DF86710AB4CAC4B28F0800855
:10A6A0000B9A472AC8BF1C460023CDE90C3303226E
:10A6B00007930292059203930F9300293FF45FAF33
:10A6C000029B013302935AE7432B0B9303D018F0FC
:10A6D000100F00F05D85089D0822002122A837ACEC
:10A6E000FDF7BAFB22AB55F8042B2146584602F081
:10A6F00041FC03460133059001F0EE82059B08956D
:10A7000023EAE37302930021CDE90C118DF8671061
:10A71000079103910F9132E70B93089B1A46002390
:10A720008DF86730134653F8044B0893002C00F063
:10A7300048850B9B532B00F0EC8618F010030C930C
:10A7400040F0E786039B5D1C01F0E5800C991A46FA
:10A75000204603F045FD0790002801F02883079B61
:10A760001A1B05920C9B039322EAE2720F930D933E
:10A77000079373239DF8671002920B939DE718F0DF
:10A78000200F0B93089B3DD0073323F007031A4695
:10A7900011465B6851F8082B08911946002BC0F24E
:10A7A0000C84039B013300F09E8228F0800052EA63
:10A7B0000103029040F09982039B002B40F09A82A3
:10A7C000804600230393059350AC06E1089B53F8A1
:10A7D000042B0692002A80F21984069A08935242AA
:10A7E000069299F8003048F00408E1E599F8003045
:10A7F00048F00808DCE548F0100818F0200F0B932B
:10A80000089BC1D118F0100F40F00B8418F0400FD6
:10A8100000F0038433F9042B0893D1170B46BDE7EE
:10A82000089B48F00202029253F8042B089347F663
:10A830003003ADF868307820454B11930021022396
:10A840000B900020039C8DF86700601C00F0AD8029
:10A85000029820F0800852EA010040F0A480002C09
:10A8600040F0AE86002BACD1029B13F001030593A0
:10A8700000F0D18330238DF83F310DF23F14ACE06E
:10A8800018F0200F40F0D48318F0100F40F09F868E
:10A8900018F0400F40F0978718F4007F00F097867B
:10A8A000089B049953F8042B089311704C4655E506
:10A8B00099F80030682B03BF99F8013048F400780C
:10A8C00009F1010948F0400872E599F800308DF867
:10A8D00067506DE599F800306C2B03BF99F8013093
:10A8E00048F0200809F1010948F0100860E50B93D1
:10A8F00048F0100818F0200100F05183089B07333E
:10A9000023F00703596853F8082B089328F4806351
:10A910000293002395E70B9348F010030293029BE8
:10A9200013F0200100F02983089B073323F007036D
:10A93000596853F8082B0893012382E799F80030EF
:10A9400048F0800834E500BF880700208C0700200D
:10A9500098070020494611F8013B2A2B01F0498253
:10A96000A3F13002092A894698BF002101F24481EF
:10A9700019F8013B01EB810102EB4101A3F1300227
:10A98000092AF5D9039115E599F8003048F0010836
:10A990000EE59DF86730002B7FF48FAD99F80030FD
:10A9A0008DF8676004E5CDF80880012B00F09D81EB
:10A9B000022B50AC20D1119802F00F031209C35C96
:10A9C00004F8013D42EA0172090952EA0103F3D198
:10A9D00050AB1B1BDDF808800593059A03989DF882
:10A9E000671082424FF00003B8BF0246CDE90C3336
:10A9F000079302920F9360E602F00703D20842EA3F
:10AA00004172C908303352EA0105204604F8013D7D
:10AA1000F2D1029AD10700F14D8250AB1B1B904638
:10AA20000593DAE70B9B652B40F3D480B5EE408BA2
:10AA3000F1EE10FA40F0C181259BBA49CAF8001026
:10AA4000013301320121072B26922593CAF8041005
:10AA500000F351850AF1080A1B9B0E998B4280F284
:10AA6000D082109B12991A44CAE90013259B2692A2
:10AA70000133072B259300F397830AF1080A0E9BF5
:10AA80005C1E002C7FF7D0AD102C259B40F36E850B
:10AA90001BEE106A102505E00AF1080A103C102C84
:10AAA00040F364850133A0491032072BCAE9001531
:10AAB000CDE92532F0DD24AA3146584603F084FE64
:10AAC00000287ED1DDE925320DF19C0AE6E7069BE0
:10AAD00002995D1A002D7FF78EAD102D259B21DD8B
:10AAE000099410261BEE104A04E0103D102D0AF1C7
:10AAF000080A16DD01338C491032072BCAE900160B
:10AB0000CDE92532F1DD24AA214658460DF19C0AF3
:10AB100003F05AFE002854D1103D102DDDE92532F6
:10AB2000E8DC099C8049CAF8045001332A44072B09
:10AB3000CDE92532CAF8001000F32685039B05995C
:10AB40005D1A002D0AF1080A7FF75BAD102D259BD9
:10AB50001FDD514610261BEE10AA04E0103D102DFB
:10AB600001F1080114DD01336F481032072BC1E9F0
:10AB70000006CDE92532F1DD24AA5146584603F0FE
:10AB800023FEF0B9103D102DDDE9253227A9EADCBE
:10AB90008A4601336449CAF804502A44072BCDE998
:10ABA0002532CAF8001000F3DA810AF1080A28E514
:10ABB0001BEE101A24AA584603F006FE00283FF4A4
:10ABC00047AD079B002B3FF4A2AC07995846FEF710
:10ABD0001DFD9CE40E9B012B40F37A81259BCAF856
:10ABE0000040013301320121072B26922593CAF838
:10ABF000041000F3F8810AF1080A10991298013341
:10AC00000A44072BCAE90001CDE9253200F3DD81B2
:10AC10000AF1080AB5EE408BF1EE10FA00F07781E8
:10AC20000E990133013901340A44072BCAF8004058
:10AC30002593CAF80410269200F35B810AF1080AF2
:10AC40001499CAF8041001330A44072B1EA9CDE950
:10AC50002532CAF800107FF7E5AC1BEE101A24AAC3
:10AC6000584603F0B1FD0028ABD1269A0DF19C0A9D
:10AC7000DAE4102DDDE925122C4E24DD1794102383
:10AC80001BEE104A084604E0103D102D0AF1080A98
:10AC900017DD013010320728CAE90063CDE925022B
:10ACA000F2DD24AA214658460DF19C0A03F08CFDE2
:10ACB000002886D1103D102DDDE925024FF010034C
:10ACC000E7DC179C014601312A440729CDE925120A
:10ACD000CAF80060CAF8045000F3BD839DF86710FD
:10ACE0000AF1080A5DE4CDF808800A2A71F1000330
:10ACF00080F0458330320123DDF808808DF83F2154
:10AD000005930DF23F1468E61BEE101A24AA58466C
:10AD100003F05AFD00287FF454AF269A0DF19C0AE7
:10AD200052E400BFC80700205077002044220020D2
:10AD30001BEE101A24AA584603F046FD00287FF4A3
:10AD400040AF269A0DF19C0A51E4102C259BBE4E73
:10AD50001FDD1BEE108A102504E0103C102C0AF1B8
:10AD6000080A16DD01331032072BCAE90065CDE968
:10AD70002532F2DD24AA414658460DF19C0A03F023
:10AD800023FD00287FF41DAF103C102CDDE9253297
:10AD9000E8DC01332244072BCAE90064CDE92532FF
:10ADA0007FF74BAC1BEE101A24AA584603F00CFD9B
:10ADB00000287FF406AF269A3FE41B99002940F350
:10ADC0005A830C9E0E9B9E42A8BF1E46002E0BDD92
:10ADD000259B01333244072BCAE90046269225936E
:10ADE00000F389860AF1080A0C9D002EA8BFAD1B4E
:10ADF000002D00F303820C9B18F4806F234405930D
:10AE000040F01F821B9B0E998B4203DB18F0010F51
:10AE100000F0CF84109912980A44CAE900012599DC
:10AE2000269201310729259100F3A5860AF1080A27
:10AE30000E996518CC1A059BED1AA542A8BF2546A8
:10AE4000002D0DDDCAF80030259BCAF804500133EF
:10AE50002A44072B2692259300F3BB860AF1080AA1
:10AE6000002DA8BF641B002C7FF7DEAB102C259BA8
:10AE700040F37C831BEE106A102505E00AF1080AF6
:10AE8000103C102C40F37283013370491032072BB1
:10AE9000CAE90015CDE92532F0DD24AA314658462D
:10AEA00003F092FC00287FF48CAEDDE925320DF131
:10AEB0009C0AE5E7302B3FF48BAD3023023804F8D1
:10AEC000013C50AB1B1ADDF808800593044684E56D
:10AED00018F0010F7FF482AE259BCAF800400133C1
:10AEE00001320121072B26922593CAF804107FF71F
:10AEF000A5AE1BEE101A24AA584603F065FC0028E4
:10AF00007FF45FAEDDE925320DF19C0A98E60E99DB
:10AF10004C1E002C7FF794AE102C40F361831BEE87
:10AF2000106A102505E00AF1080A103C102C40F3C5
:10AF30005783013345491032072BCAE90015CDE983
:10AF40002532F0DD24AA3146584603F03DFC0028A6
:10AF50007FF437AEDDE925320DF19C0AE5E71BEE03
:10AF6000101A24AA584603F02FFC00287FF429AEBB
:10AF7000269A0DF19C0AFFF744BB029B13F01003C5
:10AF800040F0C180029A12F0400200F07A830898E3
:10AF900050F8042B0890194692B2012351E418F09E
:10AFA000100355D118F0400200F05D83089850F866
:10AFB000042B0890194692B2A8E4524261EB410179
:10AFC000CDF808802D2001233CE41BEE101A24AAA2
:10AFD000584603F0F9FB00287FF4F3ADDDE9253294
:10AFE0000DF19C0A16E61BEE101A24AA584603F02F
:10AFF000EBFB00287FF4E5ADDDE925320DF19C0A7D
:10B00000FBE518F0010F3FF40FAB2AE5089399F820
:10B010000030FFF7CDB950ACDFE418F4007F40F00A
:10B02000DB8353F8042B0893D1170B46FFF7B6BB0D
:10B03000089B049853F8041B0893C217C1E9000247
:10B040004C46FFF78BB900BF442200205077002008
:10B05000089B53F8042B089358E4B4EE488BF1EEA8
:10B0600010FA80F194860B9B612B00F05285412BE6
:10B0700000F0C085039B01330B9B23F0200500F0FB
:10B080008084472D04D1039B002B08BF0123039329
:10B0900018EE903A002B48F480724646C0F21886AB
:10B0A000B0EE48AB00239046099307930B9B413BBE
:10B0B000252B00F29883DFE813F06F0496039603C4
:10B0C000960368046C04960396039603960396030E
:10B0D00096039603960396039603960396039603A8
:10B0E0009603960396039603960396039603960398
:10B0F0009603960396039603960396039603960388
:10B10000960368046C04089B53F8042B08930123EE
:10B11000FFF797BB139B002B3FF4CFA9139B1B7822
:10B12000002B3FF4CAA999F8003048F48068FFF773
:10B130003FB90B93CDF80880FFF7F1BB0B939A4B07
:10B14000119318F0200100F00581089B073323F0CC
:10B150000703596853F8082B089318F0010F0AD019
:10B1600052EA010307D00B9B8DF86930302348F079
:10B1700002088DF8683028F4806302930223FFF7F9
:10B1800060BB0B93FFF7B6BB0B93884B1193D8E7CB
:10B19000089B012153F8042B02918DF8DC200893C1
:10B1A000059137ACFFF7AFBA1BEE101A24AA584628
:10B1B00003F00AFB00287FF404AD269A0DF19C0AE7
:10B1C0005DE4039B0794062B224628BF06230394C5
:10B1D0002146CDE90C22764C029305930F92FFF79E
:10B1E0006CBA40215846FCF7C1FA20602061002863
:10B1F00000F00F8640236361FFF79EB8102D259B5A
:10B2000040F35D82514610261BEE10AA04E008317F
:10B21000103D102D40F35282013366481032072B47
:10B22000C1E90006CDE92532F1DD24AA5146584690
:10B2300003F0CAFA00287FF4C4ACDDE9253227A95F
:10B24000E6E70E9BCDF82490E31803930D9BCDF811
:10B250002880139E059DDDF85890DDF83C800B9406
:10B260001BEE101A5046002B34D0B8F1000F35D128
:10B270000D9B013B013E0D93159BC0E90039259BB9
:10B2800001334A44072B269225936CDC0830039B3C
:10B2900096F800C05B1B6345A8BF6346002B9A4627
:10B2A0000CDD259C01341A44072CC0E9005326927A
:10B2B000259400F3778196F800C00830BAF1000FAA
:10B2C000ACBFACEB0A046446002C0ADC65440D9B61
:10B2D000002BCAD1B8F1000F00F0AC8308F1FF38A1
:10B2E000CAE7102CDDF894C024DD05954FF0100A54
:10B2F00063460D4604E0103C102C00F1080016DDFA
:10B3000001332C491032072BC0E9001ACDE9253250
:10B31000F1DD24AA2946584603F056FA00287FF4A6
:10B3200050AC103C102CDDE9253227A8E8DC29467A
:10B33000059D9C460CF1010322444460072B1D4CE3
:10B340000460CDE9253200F3C68396F800C00830CA
:10B350006544BCE718F0100300F0C280089B53F866
:10B36000042B0893F9E624AA5846059103F02CFA19
:10B3700000287FF426AC269A059927A887E702982B
:10B38000CDF81CA050AC00F4806000250AEE10BA85
:10B39000094BDDF84CA0CDF81490A3464FF00508FA
:10B3A000AC46044610E000BF98070020AC07002020
:10B3B000C007002050770020CDCCCCCC0A2A71F1F8
:10B3C000000136D34A463146501840F10000A3FB35
:10B3D000005626F0030505EB9605401B151A4FF0A5
:10B3E000CC3661F1000E06FB05F6A5FB039503FBC9
:10B3F0000E6609F0010E2E44AEFB085E2D184FEAD2
:10B40000590930350BF8015C49EAC6790CF1010C99
:10B410000BF1FF3B7608002CD0D09AF80000844551
:10B42000CCD1BCF1FF0FC9D00A2A71F1000180F024
:10B430008F815C4650AB1B1BDDF81490CDF84CA0FF
:10B440001AEE10BADDF81CA0DDF80880CDF838C07F
:10B450000593FFF7C2BA1BEE101A24AA584603F050
:10B46000B3F900287FF4ADAB9DF86710269A0DF173
:10B470009C0AFFF796B8259BBE48CAF80000013326
:10B4800001320120072B26922593CAF8040000F30D
:10B4900077810AF1080A002940F0AF800E9908F080
:10B4A00001030B433FF4C0A8109B12991A44CAE948
:10B4B0000013259B26920133072B259300F352821C
:10B4C0000AF1080A0E99CAF8004001330A44072B12
:10B4D000CDE92532CAF804107FF7A4A8FFF7BDBB59
:10B4E00018F0400200F0DD80089850F8042B089016
:10B4F000194692B231E61BEE101A24AA584603F000
:10B5000063F900287FF45DAB269A0DF19C0AFFF7E2
:10B51000A3BA22AE0822002130461D94FCF79CFC01
:10B52000039B5A1C00F0DB800025CDF80890CDF875
:10B530001C809946A8460CE037A9584601F01AFD30
:10B54000431C404400F0C883484508DC00F01884E0
:10B5500080461D9A525933460435002AECD1CDF865
:10B560001480DDF80890DDF81C80C5E001338249C5
:10B57000CAF804402244072BCAF80010CDE925324E
:10B580007FF750A8FFF769BB1BEE101A24AA584694
:10B5900003F01AF900287FF414AB269A0DF19C0AE7
:10B5A000FFF729B824AA5846059103F00DF90028A1
:10B5B0007FF407AB96F800C0269A059927A87DE688
:10B5C000012BCDF808807FF4F3A9FFF793BB089B0C
:10B5D000049953F8042B4C4611600893FEF7BEBE45
:10B5E00001336549CAF804402244072BCDE92532CE
:10B5F000CAF800107FF722AB7BE4109B12981A4424
:10B60000CAE90003259B26920133072B259300F3FB
:10B61000A9810AF1080A0029BFF654AF4D42103142
:10B6200080F20F831BEE101A102605E00AF1080ABB
:10B63000103D102D40F3058301334F481032072B86
:10B64000CAE90006CDE92532F0DD24AA5846039167
:10B6500003F0BAF800287FF4B4AADDE92532039993
:10B660000DF19C0AE4E7089B18F400711ABF11461B
:10B6700053F8042B53F8042B089318BFD2B2FFF7EA
:10B6800045B9029B13F40071089B1ABF114653F889
:10B69000042B53F8042B089318BFD2B20123FFF7F1
:10B6A000D0B8089B18F400711ABF114653F8042B48
:10B6B00053F8042B089318BFD2B24EE58A460133E3
:10B6C0002D49CAF804502A44072BCDE92532CAF87F
:10B6D000001000F339810AF1080AFFF78CBB002340
:10B6E000194600961DAA584601F0A0FD03460133F5
:10B6F000059000F0F1821D94059B002B4ED0632B2A
:10B7000000F318810023079337AC0822002130464C
:10B71000FCF7A2FB059D00962B461DAA2146584624
:10B7200001F084FD854240F07C83059A0023A354F8
:10B7300022EAE272CDE90C339DF86710039302927E
:10B740000F93FEF7BABF2D218DF86710FEF7A4BF47
:10B75000169B1599ABEB030B1A465846FAF70CFBF0
:10B760009AF80120054B0AB10AF1010A4FF0000CCA
:10B7700028E600BFC807002050770020CDCCCCCCF5
:10B780001BEE101A24AA584603F01EF800287FF476
:10B7900018AA1B99269A0DF19C0A7CE6059B9DF838
:10B7A00067100F93CDE90233CDE90C330793FEF711
:10B7B00084BF0E99059865182D1ACC1AA542A8BF0A
:10B7C0002546FFF74DBB089B049953F8042B0893BB
:10B7D00011804C46FEF7C2BD13F9042B0893D11714
:10B7E0000B46FEF7DBBF039A022122AB01931DAB90
:10B7F000009358461BABB0EE4A0B029201F0B8FD25
:10B80000472D029A044600F06181462D104405D16F
:10B810002378302B00F06F821B9A1044B5EE40ABBA
:10B82000F1EE10FA40F0468103461B1B0E93472DA4
:10B8300000F01081462D00F0B5811B9B0C930C9BF2
:10B84000412D03F1FF331B9300F0E5819DF82C207F
:10B850000021002BB8BF0C9B8DF87820BABFC3F134
:10B8600001032D222B22092B8DF8792040F3DA8158
:10B870000DF18F05DFF81CC42A4610468CFB03210E
:10B88000DA17C2EBA10202EB8201A3EB41013031D6
:10B8900000F8011C19466329134600F1FF32ECDC65
:10B8A0003033D9B2831E9D4202F8011C40F28B82D4
:10B8B00013460DF17A0201E013F8011B02F8011B97
:10B8C0009D42F9D10DF191030DF17A021B1A134437
:10B8D0001EAA9B1A14930E9B149A012B1A440592CC
:10B8E00040F30382059B109A1344059326F480636A
:10B8F000059A43F480780023CDE90C3322EAE27202
:10B900000F930292099B002B40F0B1809DF86710C5
:10B910000393FEF7D2BE2046FDF77AFB0246059060
:10B92000FEF720BF1BEE101A24AA584602F04CFF67
:10B93000FEF7EDBD591C5846FBF718FF04460028DA
:10B9400000F0CA810790E0E61BEE101A24AA5846C0
:10B9500002F03AFF00287FF434A9269A0DF19C0AE0
:10B96000FFF749BA1BEE101A24AA584602F02CFF22
:10B9700000287FF426A9DDE925321B990DF19C0AE8
:10B9800049E606230393FFF783BB039B02215A1C5E
:10B990002BE7039A032128E71BA8B0EE4A0B02F01D
:10B9A0006FFCB4EE007B20EE070BB5EE400BF1EE22
:10B9B00010FA01D101231B93B348039BB3EE005B44
:10B9C000013B224604E0B5EE400BF1EE10FA13D035
:10B9D00020EE050BFDEEC07BB3F1FF3F17EE901A92
:10B9E000415CB8EEE76B944630EE460B02F8011B63
:10B9F000194603F1FF33E6D1B6EE006BB4EEC60B89
:10BA0000F1EE10FA00F34881B4EE460BF1EE10FAB5
:10BA100004D117EE903ADB0700F13E81002906DBE6
:10BA20004B1C1344302102F8011B9342FBD1131B22
:10BA30000E93FCE60B9C0E9BDDF82490DDF828802D
:10BA40001396E3189D42294628BF19468246059160
:10BA5000FFF7D8B91B9B0C93DA1C02DB039A9342C5
:10BA60000CDD0B9B023B0B9323F02005E7E62D2119
:10BA700000238DF867100393FEF722BE0C9B0E9AED
:10BA80009342C0F2BD80F0070C9B40F13281109AC6
:10BA900013440593710503D50C9B002B00F33581EE
:10BAA000059B23EAE373029367230B9300230F9311
:10BAB0000D9327E7229B8342BFF4B7AE30215A1C77
:10BAC00022921970229B9842F9D8AEE6F30700F152
:10BAD000A780229BA9E624AA5846059102F074FE8D
:10BAE00000287FF46EA896F800C0269A059927A82A
:10BAF0006544FFF7ECBB1BEE101A24AA584602F06F
:10BB000063FE00287FF45DA8269A0DF19C0AFFF7DA
:10BB10006BB978238DF8693030238DF86830039B3A
:10BB2000632B48F0020600F3A6800023079337AC8E
:10BB300018EE903A002B48F481782BDBB0EE48AB3E
:10BB40000B9B23F02005002309930B9B612B7FF4B3
:10BB5000ADAAB0EE4A0B1BA802F092FBB4EE007B3C
:10BB600020EE070BB5EE400BF1EE10FA01D10123E8
:10BB70001B93464821E71BEE101A24AA584602F0F0
:10BB800023FE00287FF41DA81B9B269A0DF19C0A1A
:10BB9000FFF74EB90B9B23F020052D230993B1EE3F
:10BBA00048ABD2E71B9A0C92002A06F0010340F33F
:10BBB0000D8103990B4340F0CF800C9B05936623C6
:10BBC0000B93720500F1A380059B23EAE3730293B4
:10BBD0006CE71BEE101A24AA584602F0F5FD002867
:10BBE0007EF4EFAF1B9C0E9B269A1C1B0DF19C0A4A
:10BBF000FFF736B958238DE700220392FEF7DABB30
:10BC00000E9B109A9A180C9B0592002B40F3AB8068
:10BC100067230B93D5E70B9A0F32D2B2012118E6B6
:10BC2000A018FBE5002940F0A88030228DF87A208A
:10BC30000DF17B02303302F8013B1EABD31A149393
:10BC400049E601331249CAF804502A44072BCDE9CA
:10BC50002532CAF800107FF733AC1BEE101A24AA65
:10BC6000584602F0B1FD00287EF4ABAFDDE9253285
:10BC70000DF19C0A26E4591C5846FBF777FD044653
:10BC800050B3079054E700BFAC070020980700208E
:10BC90005077002067666666CDF888C012F8011CF0
:10BCA00090F80FC0614513460AD14FF0300E03F8EB
:10BCB00001EC229B591E229113F8011C8C45F6D0F1
:10BCC000392916BF0131817AC9B203F8011CAEE6E9
:10BCD00000239046079360E71BEE102AB2F90C3060
:10BCE00043F040039381FEF716BCF5077FF5FEADE8
:10BCF000F8E50593CEE6B5EE40ABF1EE10FA3FF471
:10BD00008BADC2F101021B9287E567230B93139958
:10BD10000B78FF2B79D000250C9A284603E00130E0
:10BD20000131FF2B08D0934206DAD21A4B78002B50
:10BD3000F5D10B780135F4E70C9213910D900F9526
:10BD40000F9A0D9B16991344059A01FB0323059343
:10BD500023EAE3730293D5E5109BD31819446623B5
:10BD600005910B932DE7C3F101031A4422EAE27314
:10BD70000293672305920B9398E60DF17A0259E737
:10BD8000039BDDF80890DDF81C800593B4E418EE01
:10BD9000903A002BB4BF2D219DF86710254C264BFF
:10BDA000B8BF8DF8671028F08008FEF779BC039BB8
:10BDB0000293059373239DF8671003900F900D90E5
:10BDC0000B93FEF77ABC0223149384E5039A134382
:10BDD00005D10123662202930B92059366E6109B20
:10BDE00001331A4422EAE2730293662305920B930D
:10BDF0005CE6089A99F80130894652F8041B0892CB
:10BE000041EAE1710391FEF7D3BA00230F930D933A
:10BE100096E70C23CBF800304FF0FF330493FEF786
:10BE200081BB1BEE102A938943F040039381FEF7F8
:10BE3000C8BE00BF90070020940700202DE9F84FEE
:10BE40004B6E9C0490462DD59368126843B38B4685
:10BE5000064602F1080959E9025A5FEA9A0715D025
:10BE6000043D002401E0A7420ED055F8041F5A46B5
:10BE7000304602F0BFFA431C04F10104F3D1002361
:10BE8000C8E90133BDE8F88FD8F808302AF0030A72
:10BE9000A3EB0A03C8F8083009F10809002BDAD12E
:10BEA0000020ECE702F016FB0023C8E90133BDE8EF
:10BEB000F88F00BF2DE9F04F2DED028BC5B00DF1CD
:10BEC000500A834608EE101A1646002108225046F2
:10BED0001C460793FBF7C0FFBBF1000F04D0DBF853
:10BEE0003430002B00F0A08618EE102A536EDB07CA
:10BEF00040F11385B2F90C108AB295040BD418EEF8
:10BF0000103A41F4005199815B6E8AB218EE101A12
:10BF100023F400534B66100740F1058118EE103AE8
:10BF20001B69002B00F0FF8002F01A030A2B00F0BF
:10BF30000A810023CDE91933CDE90D331BAA0C93F7
:10BF4000189291460B930593B0464446A84BD3F8FC
:10BF5000E450FCF705F82246034612A9CDF800A0EC
:10BF60005846A847002800F04581C0F23981129A4E
:10BF7000252A034601D01C44E8E7B4EB0806054631
:10BF800040F03C81002361788DF8433004F10108D2
:10BF900006934FF0FF371E462B2408F10108A1F14C
:10BFA00020035A2B00F27881DFE813F0B502760106
:10BFB0007601B0027601760176016A00760176019B
:10BFC0007D028D02760188029702760192025B0063
:10BFD0005B005B005B005B005B005B005B005B0089
:10BFE0007601760176017601760176017601760199
:10BFF00076015C0284007601760176017601760195
:10C0000076017601760176017601E8007601760107
:10C01000760133027601DA02760176018B0576012C
:10C020007601760176017601760176017601760158
:10C0300076015C028600760176017601CD028600EB
:10C040007F007601C0027601FD02EA00ED027F006A
:10C05000760133027C006905760176016B05760175
:10C060007C00A1F13003002218F8011B02EB8202D0
:10C0700003EB4202A1F13003092BF5D906928EE7BA
:10C080005846FBF773FF43680D931846FCF7C0FF53
:10C090000E9005465846FBF769FF83680B93002D09
:10C0A00040F0D68498F8001077E798F8001046F032
:10C0B000200672E746F01006B40640F18E81079B19
:10C0C000073323F007031A46596852F8083B0792D2
:10C0D0000A460029C0F27084791C00F0A28526F07F
:10C0E0008001039153EA020100F03F840A2B72F1B0
:10C0F000000180F0418530338DF80F31039E01231C
:10C1000004930DF20F14049BBB42B8BF3B4603934C
:10C11000002308939DF84330002B00F0CB80039B55
:10C1200001330393C6E018EE101A584618EE105A61
:10C1300000F0AAFF002840F05286AA8902F01A03F4
:10C140000A2B7FF4F6AE18EE101AB1F90E30002B60
:10C15000FFF6EFAE4B6EDB0702D4970540F1128677
:10C1600018EE101A23463246584600F069FE059034
:10C17000059845B0BDEC028BBDE8F08F46F0100687
:10C1800016F0200200F03681079B073323F00703E7
:10C1900019465A6851F8083B079126F480610391CB
:10C1A000002100208DF84300781C00F010820398D5
:10C1B00020F0800653EA020040F00882002F40F091
:10C1C0003885002940F0D583039B13F001030493C5
:10C1D00000F0118430238DF80F310DF20F1492E727
:10C1E000082200215046FBF737FE01231C44ADE630
:10C1F000BC780020B4EB080605461BD0199B1A9AA0
:10C2000001333244072BC9E900861A9219931CDDC9
:10C21000002A00F0A68318EE101A18AA5846FFF755
:10C220000DFE20BB0DF16C09059B33440593002DD9
:10C230007FF4A8AE1A9B002B40F0C18518EE103A8F
:10C240000022B3F90C30199215E009F10809EBE767
:10C2500018EE101A18AA5846FFF7F0FD002800F053
:10C26000A680089B1BB108995846FDF7CFF918EE38
:10C27000103AB3F90C3018EE102A526E12F0010F7A
:10C280009AB200F0A080500600F1B285059845B042
:10C29000BDEC028BBDE8F08F0029CBD000238DF8D8
:10C2A00043300123CDE903338DF8AC102BAC0023D0
:10C2B00008931F4616F00203099302D0039B023332
:10C2C000039316F084030A9305D1069B039A9D1AE3
:10C2D000002D00F37B82DDE91903411C9DF843200A
:10C2E00082B101220133C9F8042007290DF143026C
:10C2F000CDE91913C9F8002000F34A82084609F174
:10C3000008090131099AE2B111AA0233C9F80020E3
:10C3100007294FF00202CDE91913C9F8042040F3B0
:10C320005082002B00F0438318EE101A18AA5846CA
:10C33000FFF784FD002894D1DDE919030DF16C09A4
:10C34000411C0A9A802A00F08481049ABD1A002DAB
:10C3500000F3D781049AC9F8004013440729CDE9B6
:10C360001913C9F8042040F36E81002B00F0758288
:10C3700018EE101A18AA5846FFF760FD00287FF43F
:10C3800070AF1A9B0DF16C09750705D5069A0399D4
:10C39000541A002C00F36B82DDE9052103988142D9
:10C3A000ACBF521812180592002B7FF451AF0899B8
:10C3B00000231993002900F049815846FDF726F91A
:10C3C0000DF16C09C1E59C053FF55DAF18EE104A13
:10C3D000A06DFBF7C3FDA28955E7F006079A00F1AF
:10C3E0001F83710640F1198332F9043B0792DA1773
:10C3F00011466EE616F01003079940F0098316F017
:10C40000400000F001831A4651F8043B07919BB2AB
:10C41000C3E6079B1A4600238DF84330134653F8B2
:10C42000044B0393002C00F01284532900F0658321
:10C4300016F0100540F061837B1C00F0B3843A468F
:10C440002946204601F0CCFE0890002800F09F8489
:10C45000031B039A049323EAE3732F460792039383
:10C46000089557E6432902D0F50640F12D83079D34
:10C470000822002116A82BACFBF7EEFC16AB55F8F2
:10C48000042B2146584600F075FD03460133049005
:10C4900000F0B384049B079523EAE373039300231E
:10C4A0008DF8433003E7079B53F8042B0692002ACC
:10C4B00080F29C82069A5242CDE9062398F8001039
:10C4C00046F0040669E598F800108DF8434064E5ED
:10C4D00098F8001046F080065FE5424612F8011B0E
:10C4E0002A2900F09684A1F13003092B90464FF0E1
:10C4F00000073FF654AD18F8011B07EB870703EB65
:10C500004707A1F13003092BF5D948E598F8001049
:10C5100046F0010641E59DF84330002B7FF4C2ADA3
:10C52000202398F800108DF8433036E598F8001075
:10C530006C2903BF98F8011046F0200608F10108A5
:10C5400046F0100629E598F80010682903BF98F80E
:10C55000011046F4007608F1010846F040061CE59B
:10C5600046F010030393039B13F0200200F00682B1
:10C57000079B073323F0070319465A6851F8083B15
:10C58000079101210DE6079A46F00203039352F842
:10C59000043B079247F63002ADF84420B84A0C92AB
:10C5A00002210022FDE5B70600F14882F50600F100
:10C5B0004683740600F1D583B00540F14083079BA4
:10C5C000059953F8042B07931170BEE403960129D3
:10C5D0003FF48CAD022944AC11D10C9803F00F014B
:10C5E0001B09415C04F8011D43EA0273120953EA76
:10C5F0000201F3D1039E44AB1B1B049383E503F0BC
:10C600000701DB0843EA4273D208303153EA0205DE
:10C61000204604F8011DF2D1039EF307EBD5302923
:10C62000E8D03023023804F8013C44AB1B1A039EC7
:10C630000493044667E5049B1B9401221C931A9300
:10C6400019920DF16C0909F108099DE60DF16C09CB
:10C650007BE4069A039D551B002D7FF776AE102DC7
:10C6600040F3BB83099418EE104A07E000F1020C76
:10C6700009F108091046103D102D1EDD8149C9F849
:10C680000010421C10331021072ACDE91923C9F8E4
:10C690000410EBDD18AA002B74D0214658460DF18A
:10C6A0006C09FFF7CBFB00287FF4DBADDDE9190354
:10C6B000103D102D00F1010CE0DC099C714AC9F815
:10C6C00004502B44BCF1070FCDE919C3C9F8002071
:10C6D00040F39481002B00F01F8318EE101A18AA63
:10C6E0005846FFF7ABFB00287FF4BBAD049ADDE9A9
:10C6F0001903BD1A002D00F101010DF16C097FF73E
:10C7000029AE102D29DD0994102718EE104A07E0F4
:10C7100000F1020C09F108091046103D102D1ADD38
:10C72000421C58491033072AC9E90017CDE91923DB
:10C73000EEDD18AA03B3214658460DF16C09FFF748
:10C740007DFB00287FF48DADDDE91903103D102D30
:10C7500000F1010CE4DC099C61464A4AC9F8045026
:10C760002B440729CDE91913C9F8002000F3E7800D
:10C7700009F108090131EDE54FF0010C18460DF102
:10C780006C09CAE74FF0010C18460DF16C0972E70D
:10C79000002B00F0048118EE101A18AA5846FFF773
:10C7A0004DFB00287FF45DADDDE919030DF16C0947
:10C7B000411CA7E5022311AA1C931B9201210DF134
:10C7C0006C09084609F10809411CBAE5102D40F32F
:10C7D000E582DDE919130F94084618EE104A07E0C8
:10C7E00000F1020C09F108091046103D102D1DDD65
:10C7F0002549C9F80010421C10331021072ACDE941
:10C800001923C9F80410EBDD18AA03B321465846D2
:10C810000DF16C09FFF712FB00287FF422ADDDE972
:10C820001903103D102D00F1010CE1DC0F9C604656
:10C83000154AC9F804502B440728CDE91903C9F853
:10C84000002000F3C18009F10809411C46E51846A3
:10C850004FF0010C0DF16C09C7E77607199353D51A
:10C86000069A0399541A002C4EDD0DF16C09102C18
:10C8700040F3B082199918EE106A10250DE000BF40
:10C88000980700206077002054220020881C09F1BE
:10C8900008091146103C102C1ADD4A1CB34810330D
:10C8A000072AC9E90005CDE91923EFDD18AA33B33A
:10C8B00031465846FFF7C2FA00287FF4D2ACDDE9D2
:10C8C0001913103C102C01F101000DF16C09E4DC8E
:10C8D000A64AC9F8044023440728CDE91903C9F83A
:10C8E00000207FF759AD7BB118EE101A18AA5846F0
:10C8F000FFF7A4FA00287FF4B4AC1A9B4CE50120A2
:10C9000019460DF16C09C5E7DDE9053203998A4244
:10C91000ACBF9B185B18059349E5B2F90C108F0565
:10C9200018EE103A8AB23FF5E8AA18EE105A986D40
:10C93000FBF712FBB5F90C108AB2FFF7DEBA002B39
:10C940003FF479AE18EE101A18AA5846FFF776FA97
:10C9500000287FF486AC19991A9B01310DF16C09FE
:10C96000F8E419920DF16C095EE4002F7FF4C3AB7B
:10C97000039E0027049744ACFFF7C5BB039B13F04D
:10C98000100354D1039A12F0400000F06B81079914
:10C990001A4651F8043B07919BB2012101E4099A20
:10C9A000002A64D1184601210DF16C09C9E4012166
:10C9B00018460DF16C09C4E45B4262EB4202039637
:10C9C0002D200121FFF7EEBB002B00F0888018EE30
:10C9D000101A18AA5846FFF731FA00287FF441AC24
:10C9E000DDE919030DF16C09411C77E498F800109A
:10C9F0000793FFF7D2BA44ACFFF785BB09F10809EA
:10CA00000CF101016046A0E416F4007240F0978139
:10CA100051F8043B0791FFF7C0BBB30500F18881D3
:10CA200052F8043B0792DA171146FFF752BB0799F9
:10CA300051F8043B07910121FFF7B3BB079B059811
:10CA400053F8041B0793C217C1E90002FFF77DBA30
:10CA50000B9B002B3FF426AB0B9B1B78002B3FF46A
:10CA600021AB98F8001046F48066FFF796BA0223CF
:10CA700011AA1C931B9201200DF16C09A2E60396EA
:10CA800071E53B4B0C9316F0200259D0079B0733FE
:10CA900023F0070318465A6850F8083B0790F4073C
:10CAA00009D553EA020006D08DF84510302146F032
:10CAB00002068DF8441026F4806103910221FFF7ED
:10CAC00070BB2C4B0C93DEE7079B012153F8042B22
:10CAD00003918DF8AC20079304912BACDFE49DF813
:10CAE0004320002A40F03281099A002A7FF462AE86
:10CAF000184601210DF16C0927E40021082216A82F
:10CB00001394FBF7A9F9791C00F0BC800025079469
:10CB10002C460CE02BA9584600F02CFA421C20446D
:10CB200000F06B81B84208DC00F070810446139A73
:10CB3000525916AB0435002AECD10494079CAFE09F
:10CB400016F0100307980CD116F0400405D01A46D1
:10CB500050F8043B07909BB2A1E716F4007240F036
:10CB6000E18050F8043B079099E700BF5422002071
:10CB700098070020AC0700200399049744AC9E4618
:10CB800008EE90BA01F480664FF0000C234606E0F0
:10CB9000BEF10A0F72F1000239D3A6462A46A64911
:10CBA0001EEB020040F100000F46A1FB001424F030
:10CBB000030101EB9401401ABEEB00014FF0CC35AC
:10CBC00062F1000405FB01F507FB0455A1FB0741D9
:10CBD0000D44052704F00101A1FB071B0918640897
:10CBE000303103F8011C44EAC5740CF1010C013B1F
:10CBF0006D08002ECCD00B9909786145C8D1BCF1E5
:10CC0000FF0FC5D0BEF10A0F72F100026CD21C46B4
:10CC100044AB1B1B049F039E049318EE90BAFFF7CE
:10CC200072BA0396FFF762BA5846FCF7B3F9FFF7FA
:10CC30005BB9012903967FF4CDACFFF75CBA079B83
:10CC4000059953F8042B11600793FFF77EB9062F5F
:10CC50003B46039A794C079228BF0623049303931B
:10CC6000FFF725BB039B079913F4007214BF51F81B
:10CC7000043B51F8043B07911CBF0246DBB2012183
:10CC8000FFF78FBA16AB00930023194613AA584634
:10CC900000F0CCFA03460133049000F0AE80139408
:10CCA000049B002B30D0632B63DC002308932BAC58
:10CCB0000822002116A8FBF7CFF8049D16AB0093BD
:10CCC00013AA2B462146584600F0B0FA854240F0A0
:10CCD000AB80039B049A07930023A3541F4622EAC8
:10CCE000E2730393FFF716BA0E9A0D999B1A184632
:10CCF0000893F9F741F80B99089B4A780AB101317A
:10CD00000B914FF0000C48E7039B0793049B0393A0
:10CD10001F460893FFF7FEB9012118460DF16C0973
:10CD2000FFF713BB50F8043B07902246DBB2B6E690
:10CD300012F9043B0792DA171146FFF7CAB951F806
:10CD4000043B07910246DBB2FFF727BA01231C938D
:10CD500001210DF143031B930DF16C090B46FFF705
:10CD6000CDBA079B059953F8042B07931180FFF761
:10CD7000ECB8591C5846FAF7F9FC044600283CD098
:10CD8000089095E7886DFBF7E9F8FFF7E9B9039B91
:10CD90000793CDE90377089FFFF7BCB919981A9B51
:10CDA000013045E5039B07932046FCF731F920EA63
:10CDB000E0732F46049003930895FFF7ABB918EE84
:10CDC000101A18AA5846FFF739F800283FF436AA77
:10CDD000FFF74DBA199801307AE58C466EE46B6E18
:10CDE000D90705D4AB899A0502D4A86DFBF7B6F82C
:10CDF0004FF0FF330593FFF749BA18EE102AB2F946
:10CE00000C3043F040039381FFF735BA079C049739
:10CE100046E7079B98F8011053F8047B0793904668
:10CE200047EAE777FFF7B9B818EE102A938943F07D
:10CE300040039381FFF715BACDCCCCCCC0070020BE
:10CE400070B50C468989ADF58E6D21F00201ADF803
:10CE50001410616E1B91E189ADF81610E16909911A
:10CE6000616A0B911CA9029106914FF480610646FC
:10CE70000491079118A80021CDE900320891FBF731
:10CE800067F8DDE9003202A93046FFF713F8051E06
:10CE900007DB02A9304601F079F9002818BF4FF0EE
:10CEA000FF35BDF814305B0603D5A38943F040037A
:10CEB000A3811898FBF74EF828460DF58E6D70BDCE
:10CEC0002DE9F047DFF87CA00646DAF80000984626
:10CED0000F469146FBF740F8184B1C6824B3656871
:10CEE0001F2D24DC5EB96B1C0235DAF8000063608C
:10CEF00044F82570FBF732F80020BDE8F08704EB1A
:10CF000085010123C1F88890D4F88821AB401A43E9
:10CF1000022EC4F88821C1F80881E4D1D4F88C210C
:10CF20001A43C4F88C21DEE7054C1C60D7E7DAF819
:10CF30000000FBF713F84FF0FF30DEE7B884002065
:10CF4000BC840020B078002082B049B15AB16BB1E6
:10CF500013780B601278101E18BF012002B07047C2
:10CF600001A9002AF3D1104602B070476FF001000A
:10CF7000F4E700BF70B5054684B05BB11C4669B1EB
:10CF80000E4B2846D3F8E0602346B047431C0FD031
:10CF900004B070BD00F582740029F1D1074A234620
:10CFA000D2F8E06028460A4601A9B047431CEFD1F9
:10CFB00000228A2322602B6004B070BDBC78002060
:10CFC00070B500294BD006460C4610B1436B002BC0
:10CFD00048D0636ED80734D5B4F90C30002B3ED05E
:10CFE0002146304601F03AF8E36A054633B1E1697B
:10CFF000304698470028B8BF4FF0FF35A3891A067E
:10D000003CD4216B41B104F14003994202D0304637
:10D01000FCF7FCFA00232363616C21B13046FCF776
:10D02000F5FA00236364FBF7D3FF636E0022DB078E
:10D03000A2811FD5A06DFAF78DFFFBF7CFFF284621
:10D0400070BDA3899905CBD4A06DFAF785FFB4F91B
:10D050000C30002BC4D1656E15F0010505D00025FC
:10D06000284670BDFBF796FFB3E7A06DFAF776FF91
:10D07000284670BDA06DFAF771FFDBE721693046E5
:10D08000FCF7C4FABDE700BF38B5314B1B68054655
:10D090000C4613B15A6B002A4ED0B4F90C30180765
:10D0A0009AB21CD5216929B312F0010007D00020E3
:10D0B000A06060694042A06139B1002038BD950789
:10D0C00058BF6069A0600029F7D1120658BF084612
:10D0D000F4D543F04003A3814FF0FF3038BDD106B3
:10D0E0002ED5520714D4216943F00803A3819AB2C4
:10D0F0000029D9D102F42070B0F5007FD4D02146A8
:10D10000284600F027F8B4F90C3021699AB2CBE731
:10D11000216B51B104F14002914204D02846FCF742
:10D1200075FAB4F90C300022226321690022C4E9A7
:10D13000001223F02403D7E71846FBF72BFFACE7D8
:10D14000092243F040032A604FF0FF30A38138BD2D
:10D15000447E00202DE9F0418B890C46990796B05A
:10D1600008D504F143030122C4E90432236016B058
:10D17000BDE8F081B4F90E100029064625DB6A46A9
:10D1800001F0BAF800281FDB019D05F47045A5F5F4
:10D190000055B5FA85F54FF480686D094FF40067C6
:10D1A00041463046FAF7E2FAE0B1B4F90C30C4F87F
:10D1B000148043F0800320602061A38135BB3B4392
:10D1C000A38116B0BDE8F081A38913F0800519D0C2
:10D1D0004FF040080025414630462F46FAF7C6FA80
:10D1E0000028E2D1B4F90C309A05C0D423F003032F
:10D1F00004F1430243F002030121C4E90421A381A5
:10D200002260B4E74FF480682F46C9E7B4F90E10E6
:10D21000304601F087F810B9B4F90C30CFE7A38994
:10D2200023F0030343F001031BB2C8E710B582B03B
:10D23000049CCDE900344FF0FF3301F021FC02B033
:10D2400010BD00BF2DE9F04F03690C69A34283B004
:10D25000C0F28780013C01F11405A30000F114081D
:10D26000009355F8243058F82420013381469A421F
:10D2700008EB840005EB84070190B2FBF3F63BD387
:10D280004FF0000CAE464046E24663465EF804BBF3
:10D2900002681FFA8BFC06FB0C334FEA134C4FEA73
:10D2A0001B4B06FB0BCC9BB2AAEB03031FFA8CFAB9
:10D2B00013FA82F3CAEB124202EB23429BB243EA17
:10D2C0000243774540F8043B4FEA224A4FEA1C43A9
:10D2D000DCD2009B58F8033073B9019B043B98459E
:10D2E00004D307E0984504F1FF3403D253F804292E
:10D2F000002AF7D0C9F810404846FBF7FFFA00288B
:10D300002BDB01364146002355F8040BD1F800C051
:10D3100082B29A1A030C12FA8CF2C3EB1C4303EB91
:10D32000224392B242EA0342AF4241F8042B4FEA51
:10D330002343E9D258F8242008EB84036AB9043B5C
:10D34000984504D307E0984504F1FF3403D253F81D
:10D350000429002AF7D0C9F81040304603B0BDE8D0
:10D36000F08F002003B0BDE8F08F00BF0000000088
:10D370002DE9F04F2DED028B8FB08DED020B019159
:10D38000816B1A9D059357EC106B0446934641B18F
:10D39000C26B4A60012393408B60FAF7F7FF0023CA
:10D3A000A363B7F10008B4BF012300232B60BE4B79
:10D3B000BCBF28F00048CDF80C8033EA080300F029
:10D3C0009F809DED028BB5EE408BF1EE10FA11D1EE
:10D3D000059A012313601B9B002B00F03F82B34B87
:10D3E0001B9A1360013B009300980FB0BDEC028BB9
:10D3F000BDE8F08F0CAA0DA92046B0EE480BFBF754
:10D40000DDFB5FEA1853054640F09280DDE90C131E
:10D410000B4403F23242202A40F3FA82C2F1400266
:10D4200008FA02F803F21242D64048EA060207EE72
:10D43000102AB8EE477B581E17EE906A53EC172B54
:10D440004FF0010AA6F1F8739FED913B9FED927B9F
:10D450009FED935B06EE900A43EC122BB8EEE64B81
:10D46000B7EE086B32EE466BA6EE037BA4EE057BAF
:10D47000FDEEC76BB5EEC07BF1EE10FA16EE907ABA
:10D4800008D5B8EEE66BB4EE476BF1EE10FA18BFB4
:10D4900007F1FF37162F00F24581854B03EBC703D9
:10D4A00093ED007BB4EEC78BF1EE10FA57D5091A55
:10D4B0000023B1F1010807F1FF370A9300F1398128
:10D4C00000230693002F52DA069B0497DB1B06937A
:10D4D0007B420893019B092B4FF000074ED8052B88
:10D4E00040F39D82043B01930026019B9A1E032A70
:10D4F00000F22581DFE812F0AA03A7039D037E0353
:10D50000059AC8F3130842F20F7358EA060813602D
:10D510001ED11B9B002B00F09185664B00930833B6
:10D520001B9A009813600FB0BDEC028BBDE8F08F22
:10D5300018EE906AC6F31306A3F2FF3053EC182BD3
:10D5400046F07F530C994FF0000A43F440137BE7F9
:10D550001B9B002B40F03B83574B009344E7091A79
:10D560000023B1F101080A9300F1E3800693002340
:10D570000893019B0497092BB844B0D900230126D6
:10D58000019307964FF0FF399B460021E163CDF8E8
:10D590002C902046FAF7D4FE0090002800F0408539
:10D5A000009BA363B9F10E0F00F2DC80002E00F0A7
:10D5B000D980049B002B40F3DE833D4A03F00F012A
:10D5C00002EBC10292ED007B1A11DB0540F1828370
:10D5D0003A4991ED086B02F00F02032088EE065BDA
:10D5E0005AB13649D60704D591ED006B013027EECC
:10D5F000067B521001F10801F4D185EE076B0A9BFE
:10D600003BB1B7EE007BB4EEC76BF1EE10FA00F160
:10D61000AE8407EE900AB8EEE75BB1EE0C7BA5EEA8
:10D62000067B17EE902A51EC170BA2F15071B9F15D
:10D63000000F00F08883049E4A46079B002B00F0F1
:10D640004784B6EE003B1A4BFDEEC64B03EBC20C13
:10D65000B8EEE47B36EE477B1CED026B83EE065B97
:10D6600041EC160B14EE900A35EE465B0099B4EED1
:10D67000C75B3030F1EE10FA01F8010B00F3AC8417
:10D68000B7EE002BB2EE044B4FF0000C31E000BFC0
:10D6900061436F63A787D23FB3C8608B288AC63FB8
:10D6A000FB799F501344D33F0000F07FC90700204F
:10D6B000A8020020F40600200007002080020020BD
:10D6C0000CF1010C94454DDA27EE047B25EE045B4A
:10D6D000FDEEC76B16EE903AB8EEE63B303337EE10
:10D6E000437BB4EEC57BF1EE10FA01F8013B00F18B
:10D6F000738432EE476BB4EEC56BF1EE10FADFD5F2
:10D70000009A049602E08A4200F05084894611F89B
:10D71000013D392BF7D00133DBB20B70049B013391
:10D72000049355E1091A0123B1F101080A937FF529
:10D73000C7AEC1F1010306934FF00008C2E6002610
:10D74000E66331462046FAF7FBFD0090002800F022
:10D750006784009BA3634FF0FF330B93994601232B
:10D76000B34607930D9A002A55DB04990E2952DC23
:10D77000B74BBBF1000F03EBC10393ED006B15DA60
:10D78000B9F1000F12DC40F0F282B1EE047B26EE1C
:10D79000077BB4EEC78BF1EE10FACA464E4600F294
:10D7A0006D82DDF800806FEA0B0B70E288EE067B7D
:10D7B000BDEEC77B009917EE103AB9F1010F03F1E6
:10D7C0003003B8EEC75B01F8013BA5EE468B00F0D5
:10D7D0003483B2EE044B012311E088EE067BBDEEEC
:10D7E000C77B013317EE102A4B4502F13002B8EE29
:10D7F000C75B01F8012BA5EE468B00F01E8328EED7
:10D80000048BB5EE408BF1EE10FAE6D1049B0133A8
:10D8100004938946DCE0079B43B3019B012B40F353
:10D820007682089B09F1FF3A534580F23F82089BBC
:10D83000CDF820A0AAEB030217444FF0000AB9F17B
:10D84000000FC0F22583069B09934B44C8440693FE
:10D8500001212046FAF79EFE06460CE07D4B009320
:10D8600000980FB0BDEC028BBDE8F08F069BDDF891
:10D8700020A0079E0993099B6BB1B8F1000F0ADD48
:10D88000434506991A46A8BF4246891A9B1A069133
:10D890000993A8EB0208089B63B1079B002B00F0DB
:10D8A000A782BAF1000F00F30482089BB3EB0A02CF
:10D8B00040F0FF8201212046FAF76CFE002F8246DD
:10D8C00000F3AF80019B012B40F387810023089375
:10D8D0000120002F40F0B180404410F01F0000F004
:10D8E0007A81C0F12002042A00F3888040F0F6819A
:10D8F000069B002B05DD29461A462046FAF786FFCF
:10D900000546B8F1000F05DD514642462046FAF7BC
:10D910007DFF82460A9B002B40F03F81B9F1000F4A
:10D9200040F32581079B002B40F0A380049B01332B
:10D930000493DDF80080012707E0294600230A222E
:10D940002046FAF72DFD0137054651462846FFF7D8
:10D9500079FCB94500F1300008F8010BEDDCB9F1B4
:10D96000000F009ACCBFCB464FF0010B0346934407
:10D9700000272946012220460193FAF747FF514626
:10D980000546FAF7BBFF002840F3AF811BF8013CC6
:10D99000009A0BF1FF3B04E05A4500F0B1811BF8FF
:10D9A000013D392B0BF10109F6D001338BF8003022
:10D9B00051462046FAF7EAFC56B12FB1B74203D0E0
:10D9C00039462046FAF7E2FC31462046FAF7DEFCFB
:10D9D00029462046FAF7DAFC002389F80030DDE911
:10D9E00004231A601B9B002B3FF4FEAC0098C3F885
:10D9F00000900FB0BDEC028BBDE8F08FC0F11C00B1
:10DA0000069B03440693099B0344099380446FE7F4
:10DA1000C2F1200206FA02F207EE102A09E50126F9
:10DA200063E501463A462046FAF790FE019B012B3A
:10DA3000824640F3C58100230893DAF810200AEBF0
:10DA400082021069FAF756FDC0F1200044E700BFDA
:10DA5000A8020020C8070020314600230A222046E1
:10DA6000FAF79EFC0B9B002B064640F3CE820497F0
:10DA70009946099B002B05DD31461A462046FAF7E8
:10DA8000C5FE0646089B002B40F0EB81B046029B8A
:10DA9000009F03F001027B1E4B440893019B0A92F6
:10DAA0001343099351462846FFF7CCFB3146834682
:10DAB0002846FAF723FF4246514681462046FAF7A8
:10DAC0003FFFC26801460BF13003002A42D1CDE985
:10DAD00006032846FAF712FF069902902046FAF745
:10DAE00055FC029A079B1AB90999002900F07E8219
:10DAF000B9F1000FC0F28381019949EA01090A993D
:10DB000051EA090900F07B81002A00F3C681089AD6
:10DB10003B7007F101099742CB4600F0C4812946CA
:10DB200000230A222046FAF73BFC464505463146CB
:10DB30004FF000034FF00A02204612D0FAF730FCF3
:10DB40004146064600230A222046FAF729FC4F46A2
:10DB50008046A7E720460293FAF718FC029B0122B1
:10DB6000C6E7FAF71DFC4F46064680469AE7019B3A
:10DB7000022B71DC079B002B7FF47BAF049B51468B
:10DB8000013328460493FFF75DFBDDF800B000F198
:10DB900030030BF8013B0027EBE651462846FAF725
:10DBA000ADFE0028BFF6BAAE294600230A22204661
:10DBB000FAF7F6FB049B5F1E079B0546002B7FF4DC
:10DBC0004BAF0B9B002B40F318829946B1E6BC4B40
:10DBD00000930333A4E41C2012E7DDE902010028CE
:10DBE0007FF474AEC1F31302002A00F0F480029BAC
:10DBF00008936DE601230793049B5B4403F101093D
:10DC0000B9F1010FCC460B93B8BF4FF0010C0021C6
:10DC1000BCF1170FE1637FF7BCAC01200422520076
:10DC200002F114036345014600F10100F7D9E163F5
:10DC3000AFE401230793BBF1000F52DDCDF82CB008
:10DC4000D946DC46E3E700230793D5E70023079393
:10DC5000F1E7DDF82C900497B9F1000F7FF4A1AD46
:10DC600051464B4605222046FAF79AFB014682466A
:10DC70002846FAF743FE00287FF793AD049B03F193
:10DC8000010B009B3122984603F8012B009351466B
:10DC90002046FAF77BFB0BF10103DDF800900493BB
:10DCA000CDF80080002E7FF48FAE91E6A3EB0A0A38
:10DCB000C5E5314652462046FAF748FD2A46014658
:10DCC00006462046FAF794FC294605462046FAF710
:10DCD0005DFBEAE50220B0EE485B81E4C0F13C0068
:10DCE0008EE64FF0010BD9464FE403D1019BDB07D1
:10DCF0003FF54CAED9461BF8013D302BFAD057E624
:10DD0000049B009A013304933123137050E6BAF157
:10DD1000000F00F0238102F23342069B0993134463
:10DD2000DDF820A00693904492E507EE900AB1EE4C
:10DD30000C5BB8EEE77BA6EE075B15EE902A51EC84
:10DD4000150BA2F1507141EC150BB1EE047B36EED0
:10DD5000477BB4EEC57BF1EE10FA00F33781B1EEEC
:10DD6000455BB4EEC57BF1EE10FA7FF5FBAC4FF0EE
:10DD7000000A564615E500F0F580049B51495A42C9
:10DD800002F00F0001EBC00191ED006B121128EEC3
:10DD9000066B00F04281B0EE467B4B490026022024
:10DDA000D30705D591ED005B0130012627EE057BF9
:10DDB000521001F10801F3D1002E06FE076B1EE49C
:10DDC000029B002B7FF437AEDDE90201C1F31302A1
:10DDD000002A40F037813D4A0A40002A00F0FA80CC
:10DDE000069B01330693012308F1010808936FE5B0
:10DDF0002946089A2046FAF7A9FC05465AE5002A62
:10DE000012DD2946012220460193FAF7FFFC514614
:10DE10000546FAF773FD0028019B40F3E180392B9A
:10DE200000F0CA800BF13103B94609F8013B049BAD
:10DE30000133374604934646BAE538EE088BB4EE14
:10DE4000C68BF1EE10FA0ADCB4EE468BF1EE10FA56
:10DE50007FF4DCAC17EE103AD8077FF5D7AC009A08
:10DE600054E471682046FAF76BFA0746002800F080
:10DE7000DE80336902339A0006F10C010C30F4F7AE
:10DE800005FC394601222046FAF7C0FC8046FEE533
:10DE9000069BA3EB09030993DAE4392B00F08C808D
:10DEA000B9460133C1E7049A013237460492464627
:10DEB0005FE529462046FAF749FC0546FAE400BF2B
:10DEC00000070020A8020020800200200000F07F50
:10DED0005E4BFDEEC65B03EBC20C1CED023BB8EEE5
:10DEE000E57B36EE477B41EC160B15EE901A23EEE0
:10DEF000063B00983031012A00F8011B00F08380B6
:10DF0000B2EE044B009B991827EE047BFDEEC76B25
:10DF100016EE903A303300F8013B8142B8EEE65BF2
:10DF200037EE457BF0D1B6EE006B33EE065BB4EE18
:10DF3000C75BF1EE10FA3FF5E3AB36EE436BB4EEA0
:10DF4000C76BF1EE10FA7FF70DAC8946013919F86D
:10DF5000013C302BF9D0731C049339E50C9AC2F1C3
:10DF60003602DAE60220B0EE486BFFF748BBB9F1A3
:10DF7000000F3FF4DAAE0B9A002A7FF7F3ABB2EE54
:10DF8000044B26EE046B013007EE900A049BB8EEBA
:10DF9000E75BB1EE0C7BA6EE057B17EE90CA51EC69
:10DFA000170B5E1EACF15071FFF747BB049B0133AA
:10DFB00004933123FFF7B1BB049BBB4601330493A9
:10DFC000392337460BF8013B4646E1E44FF0000A9F
:10DFD000564653E608927BE4731C04938946F7E4A3
:10DFE0007FF422AFDA077FF51FAF18E7392BE3D0B4
:10DFF000B9F1000F3FF716AF16E7019B022B3FF771
:10E0000028AE0497BAE501468DE7019B022B3FF746
:10E0100020AEDDF82C9004972BE50220FFF7EFBA35
:10E020000B4B0C48002240F2AF11F9F7F5FE084BFC
:10E0300008483A4640F2EF21F9F7EEFE064B00930E
:10E04000FFF7D2B9029B0893F7E400BFA8020020B3
:10E050001404002004070020F4060020B1F90C206D
:10E060002DE9F0410C461107804647D4636842F41D
:10E070000062002BA2815EDDA56A002D58D000232E
:10E08000D8F80060C8F8003093B212F4805256D12C
:10E090000123E1694046A847431C67D0A389A56ACC
:10E0A0005F0705D56368C01A236B0BB1E36BC01A19
:10E0B000E169024600234046A847411C41D1D8F8F7
:10E0C0000030002B3DD01D2B01D0162B56D1A3893B
:10E0D0002269226023F4006300216160A381216B27
:10E0E000C8F8006021B304F14003994202D04046D1
:10E0F000FBF78CFA00202063BDE8F0812669BEB1F1
:10E1000093B2256826609A070CBF63690023AD1B94
:10E11000A3600BE02B463246E169676A4046B84788
:10E12000B0F1000CA5EB0C05664417DD002DF1DC09
:10E130000020BDE8F081E36B002B9DDCF8E7206D4B
:10E14000AEE7B4F90C302269226023F40063A381A6
:10E150000022DB046260C2D52065C0E7A38943F0DA
:10E1600040034FF0FF30A381BDE8F081D8F80030C4
:10E17000002B93D01D2B06D0162B04D0A38943F07F
:10E180004003A381D5E7C8F80060D1E738B50C4655
:10E19000054608B1436B03B3B4F90C0088B1636E54
:10E1A000DB0701D481050FD528462146FFF756FF2E
:10E1B000636EDA07054602D4A3899B0508D5284675
:10E1C00038BD0546284638BDA06DF9F7C5FEEBE71A
:10E1D000A06DF9F7C3FE284638BDFAF7DBFEDBE792
:10E1E00001F0FF01102A2BDB10F0070F08D010F808
:10E1F000013B013A8B422DD010F0070F42B3F6D10C
:10E20000F0B441EA012141EA014122F007047FF024
:10E2100000070023F0E80256083C85EA010586EA7B
:10E22000010685FA47F5A3FA87F586FA47F6A5FAB7
:10E2300087F68EB9EED1F0BC01F0FF0102F00702C3
:10E2400032B110F8013B013A83EA010313B1F8D16E
:10E250000020704701387047002D06BF354603384F
:10E26000073815F0010F07D1013015F4807F02BF88
:10E27000013015F4C03F0130F0BC0138704700BFD9
:10E2800030B482B08DED000B019A194C22F000439E
:10E290000021A342016021DC009C1C431ED0154CD0
:10E2A000144054B99FED107B20EE077B8DED007B71
:10E2B000019A6FF0350122F0004322F0FF42DDE9C0
:10E2C000004522F4E00242F07F551B1545F400158D
:10E2D000A3F2FE33CDE900450B4403609DED000B36
:10E2E00002B030BC704700BF000000000000504387
:10E2F000FFFFEF7F0000F07F70B50C46084D03462E
:10E300000026204611461C462E60F4F7E9FC431C0B
:10E3100000D070BD2B68002BFBD0236070BD00BF08
:10E32000E487002038B5074D0022044608462A60DD
:10E33000F4F7DCFC431C00D038BD2B68002BFBD06D
:10E34000236038BDE48700202DE9F04782B0824683
:10E3500088461446F9F704FE012803D108F1FF337B
:10E36000FE2B36D90DF10409424604F15C034946FF
:10E370005046FEF7FFFD421C064632D020B39DF802
:10E3800004C0002509E023685A1C226083F800C0FD
:10E390000135B54218D219F801CFA368013B002B13
:10E3A000A360F0DAA769BB4261462246504602DB11
:10E3B000BCF10A0FE7D100F087FA431CE8D106460A
:10E3C000304602B0BDE8F0874646304602B0BDE8B0
:10E3D000F0875FFA88FC8DF804C006460DF1040949
:10E3E000CFE7A389304643F04003A38102B0BDE8E4
:10E3F000F08700BF30B5536E13F0010FB2F90C3047
:10E40000144683B005469AB201D198051CD59004F4
:10E4100006D4626E43F4005342F40052A381626654
:10E4200022462846FFF790FF636EDA07054602D4BE
:10E43000A3899B0502D5284603B030BDA06DF9F72E
:10E440008DFD284603B030BDA06D0191F9F784FD24
:10E45000B4F90C3001999AB2D9E700BF01F1400339
:10E460002DE9F0410C46096B994214D0666B770098
:10E470003A46FAF78FFE054640B300EB0608014620
:10E4800032464046F4F702F9C4E90C57C4F800805C
:10E490000020BDE8F0814FF48061F9F767F9A8B179
:10E4A00094F842304FF48062C4E90C0280F8FF33E4
:10E4B00094F8413080F8FE3394F8402080F8FD2332
:10E4C00000F2FD3323600020BDE8F0814FF0FF3003
:10E4D000DFE700BF9368002B00F085802DE9F04F47
:10E4E000B1F90C300C461907804683B0174698B234
:10E4F00025D523691BB310F002033D682DD04FF0E2
:10E50000000ADFF8C0B25646B9465E453346524669
:10E5100028BF5B464046002E52D0E169676AB84783
:10E52000002856DDD9F808301B1A8244361AC9F87B
:10E530000830002BE9D1002003B0BDE8F08F214660
:10E540004046FEF7A1FD002840F03881B4F90C30B8
:10E550003D6898B210F00203D1D110F0010944D106
:10E560004E46009746B38205D4F808B040F1858046
:10E57000B3455A4600F2B48010F4906F40F0C18069
:10E58000206801924946F9F7CBFBA368019AA3EBF7
:10E590000B012368A1601344B24623600026009A51
:10E5A0009368A3EB0A03D1449360002BC3D0B4F962
:10E5B0000C0080B2002ED6D1D5E900960835D1E7FF
:10E5C000D5E900A60835A0E721464046FFF7DEFD65
:10E5D00088B3B4F90C3043F040034FF0FF30A3810F
:10E5E00003B0BDE8F08F002070471E46BA4699463A
:10E5F000184600951F4666B3002832D04A46D4E933
:10E6000004132068A568B24228BF3246884204D964
:10E6100005EB030B5A4500F3A780934264DCE169E4
:10E62000656A3A464046A847B0F1000BD1DDB9EB28
:10E630000B09C9D00120DAF80830A3EB0B035F44C3
:10E64000A6EB0B06CAF80830002B3FF474AF002E7F
:10E65000D2D1009A5668134608320092002EF8D0A4
:10E660001F6832460A213846FFF7BAFD002800F03D
:10E670009C800130A0EB0709C0E72068236998421D
:10E6800016D86269B24213D86FF00043B34228BF74
:10E690003346E16993FBF2F3676A02FB03F34046FA
:10E6A0004A46B847B0F1000A93DDA6EB0A0676E7C2
:10E6B000B345DA4628BFB24652464946F9F730FB21
:10E6C000A3682268A3EB0A035244A3602260002BD4
:10E6D000EBD121464046FFF759FD0028E5D078E709
:10E6E0002068B34632464CE739460192F9F718FBE9
:10E6F000019AA3689B1AA36023681344236093467E
:10E7000095E723682169A3EB010B636903EB430AD7
:10E710000AEBDA7A0BF101034FEA6A0A33445345F4
:10E72000524684BF9A46524643052CD51146404670
:10E73000F9F71CF800283BD05A4621690190F3F7FD
:10E74000A5FFA289019B22F4906242F08002A2817F
:10E7500003EB0B002361AAEB0B03C4F814A0A36026
:10E760002060B34632460CE739465A46F9F7D8FAE4
:10E7700023685B44236021464046FFF707FD0028DD
:10E780003FF455AF25E74046FAF704FD034600285D
:10E79000DED121694046FAF739FFB4F90C300C227A
:10E7A00023F08003C8F8002015E7721C914626E785
:10E7B0000C22B4F90C30C8F800200CE74FF0FF3001
:10E7C000BAE600BF00FCFF7F2DE9F04F93681768A1
:10E7D00083B09246002B70D081468A6808680C4648
:10E7E000083743E0A38913F4906F2ED0D4E90416C0
:10E7F000A0EB010806EB460606EBD67608F1010011
:10E8000076102844B042324684BF064632465B0545
:10E8100037D511464846F8F7A9FF019000283AD0AD
:10E8200042462169F3F732FFA289019B22F49062EC
:10E8300042F08002A281A6EB080203EB08006661A9
:10E84000A260236120602E46A84642465946F9F749
:10E8500067FADAF80830A2682068921B40445B1B14
:10E86000A2602060CAF808303BB3083757E902B508
:10E87000002DFAD0AA4216469046B3D92E46A84695
:10E88000E3E74846FAF786FC03460028D3D121691E
:10E890004846FAF7BBFEA3890C2243F04003C9F8AF
:10E8A00000204FF0FF30A38100220023CAF8082087
:10E8B000CAF8043003B0BDE8F08F00200023CAF886
:10E8C000043003B0BDE8F08FF8B50D461446064697
:10E8D00010B1436B002B4CD0B4F90C20A369A3609A
:10E8E000170790B21BD52369CBB1EDB281042F4637
:10E8F00022D522686169D31A994229DD0133A168C2
:10E900000139A160511C2160157062699A4227D0BB
:10E91000A389DB0701D50A2D22D03846F8BD214650
:10E920003046FEF7B1FB08BBB4F90C20236990B266
:10E93000EDB281042F46DCD442F40052A281626E13
:10E94000616922F4005262662268D31A9942D5DCCA
:10E9500021463046FFF71AFC40B922680123CEE772
:10E9600021463046FFF712FC0028D6D04FF0FF3783
:10E97000D3E7FAF70FFBAFE72DE9F04F8BB0DDE9F6
:10E98000158A149F0391814605921E46B8F1000F27
:10E990005CD0039B002B5ED0059B1D68002F6AD0C6
:10E9A000741E4EB3039B0493043D002601950BE0B7
:10E9B000039B2BBB019B1A68002A3AD0BC455CD252
:10E9C000013C631C664617D0D8F800300293019BC7
:10E9D000DAF8E05053F8042F019307A9434648465C
:10E9E000D8F804B0A847421C3AD000EB060CBC454E
:10E9F000DED9029BC8E9003B30460BB0BDE8F08F82
:10EA000000280EDD049B019D18445A1E07A900F141
:10EA1000FF3E11F8013B02F8013F7245F9D1019523
:10EA20000490059B1A6804321A60019B1A68002A38
:10EA3000C4D1039B0BB1059B1A600CF1FF36002279
:10EA40003046C8F800200BB0BDE8F08F039B00F5FE
:10EA50008678002BA0D1059B4FF0FF371D689FE7FC
:10EA600006468A2100223046C9F80010C8F8002066
:10EA70000BB0BDE8F08F3E46BEE76646BCE700BF80
:10EA800010B584B0054C0698009007980190044892
:10EA900000680294FFF770FF04B010BDBC7800203E
:10EAA000447E002081F0004102E000BF83F000437B
:10EAB00030B54FEA41044FEA430594EA050F08BF19
:10EAC00090EA020F1FBF54EA000C55EA020C7FEADD
:10EAD000645C7FEA655C00F0E2804FEA5454D4EB5A
:10EAE0005555B8BF6D420CDD2C4480EA020281EA24
:10EAF000030382EA000083EA010180EA020281EA5C
:10EB00000303362D88BF30BD11F0004F4FEA0131AD
:10EB10004FF4801C4CEA113102D0404261EB4101BC
:10EB200013F0004F4FEA03334CEA133302D0524242
:10EB300063EB430394EA050F00F0A780A4F10104FE
:10EB4000D5F1200E0DDB02FA0EFC22FA05F2801838
:10EB500041F1000103FA0EF2801843FA05F359411E
:10EB60000EE0A5F120050EF1200E012A03FA0EFC9D
:10EB700028BF4CF0020C43FA05F3C01851EBE371C7
:10EB800001F0004507D54FF0000EDCF1000C7EEBE4
:10EB900000006EEB0101B1F5801F1BD3B1F5001F22
:10EBA0000CD349085FEA30004FEA3C0C04F1010441
:10EBB0004FEA445212F5800F80F09A80BCF1004F6A
:10EBC00008BF5FEA500C50F1000041EB045141EAEC
:10EBD000050130BD5FEA4C0C404141EB0101013CB5
:10EBE00028BFB1F5801FE9D291F0000F04BF0146A4
:10EBF0000020B1FA81F308BF2033A3F10B03B3F176
:10EC000020020CDA0C3208DD02F1140CC2F10C0205
:10EC100001FA0CF021FA02F10CE002F11402D8BF63
:10EC2000C2F1200C01FA02F120FA0CFCDCBF41EA2F
:10EC30000C019040E41AA2BF01EB0451294330BDFE
:10EC40006FEA04041F3C1CDA0C340EDC04F11404DB
:10EC5000C4F1200220FA04F001FA02F340EA0300B2
:10EC600021FA04F345EA030130BDC4F10C04C4F1F8
:10EC7000200220FA02F001FA04F340EA03002946D8
:10EC800030BD21FA04F0294630BD94F0000F83F422
:10EC9000801306BF81F480110134013D4EE77FEA05
:10ECA000645C18BF7FEA655C29D094EA050F08BF51
:10ECB00090EA020F05D054EA000C04BF1946104632
:10ECC00030BD91EA030F1EBF0021002030BD5FEA76
:10ECD000545C05D14000494128BF41F0004130BD9E
:10ECE00014F580043CBF01F5801130BD01F00045F2
:10ECF00045F0FE4141F470014FF0000030BD7FEA65
:10ED0000645C1ABF194610467FEA655C1CBF0B465F
:10ED1000024650EA013406BF52EA033591EA030F76
:10ED200041F4002130BD00BF90F0000F04BF00216E
:10ED3000704730B54FF4806404F132044FF00005A1
:10ED40004FF0000150E700BF90F0000F04BF00211A
:10ED5000704730B54FF4806404F1320410F0004580
:10ED600048BF40424FF000013EE700BF42004FEA7B
:10ED7000E2014FEA31014FEA02701FBF12F07F43F8
:10ED800093F07F4F81F06051704732F07F4208BFAF
:10ED9000704793F07F4F04BF41F40021704730B5B6
:10EDA0004FF4607401F0004521F000411CE700BF02
:10EDB00050EA010208BF704730B54FF000050AE085
:10EDC00050EA010208BF704730B511F0004502D586
:10EDD000404261EB41014FF4806404F132045FEA88
:10EDE000915C3FF4D8AE4FF003025FEADC0C18BF31
:10EDF00003325FEADC0C18BF033202EBDC02C2F123
:10EE0000200300FA03FC20FA02F001FA03FE40EAB4
:10EE10000E0021FA02F11444BDE600BF08B5024617
:10EE20000B4643EC172BB5EEC07BF1EE10FA03D482
:10EE3000BDE8084000F00CB8B1EE477B51EC170B71
:10EE400000F006F8404261EB410108BD00000000FF
:10EE50009FED0B6B41EC170B9FED0B5B27EE066BE9
:10EE6000BCEEC66BB8EE464BA4EE457BFCEEC77B12
:10EE700016EE101A17EE900A704700BFAFF300802D
:10EE8000000000000000F03D000000000000F04124
:10EE90005FF800F0351E00605FF800F08D1D006027
:04EEA000F8B500BF02
:08EEA400A054FF7F01000000F3
:10EEAC000000000000000000000000000000000056
:10EEBC000000000000000000000000000000000046
:10EECC000000000000000000000000000000000036
:10EEDC000000000000000000000000000000000026
:10EEEC000000000000000000000000000000000016
:10EEFC000000000000000000000000000000000006
:10EF0C0000000000000000000000000000000000F5
:10EF1C0000000000000000000000000000000000E5
:10EF2C0000000000000000000000000000000000D5
:10EF3C0000000000000000000000000000000000C5
:10EF4C0000000000000000000000000000000000B5
:10EF5C0000000000000000000000000000000000A5
:10EF6C000000000000000000000000000000000095
:10EF7C000000000000000000000000000000000085
:10EF8C000000000000000000000000000000000075
:10EF9C000000000000000000000000000000000065
:10EFAC000000000000000000000000000000000055
:10EFBC000000000000000000000000000000000045
:10EFCC000000000000000000000000000000000035
:10EFDC000000000000000000000000000000000025
:10EFEC000000000000000000000000000000000015
:10EFFC000000000000000000000000000000000005
:10F00C0000000000000000000000000000000000F4
:10F01C0000000000000000000000000000000000E4
:10F02C0000000000000000000000000000000000D4
:10F03C0000000000000000000000000000000000C4
:10F04C0000000000000000000000000000000000B4
:10F05C0000000000000000000000000000000000A4
:10F06C000000000000000000000000000000000094
:10F07C000000000000000000000000000000000084
:10F08C000000000000000000000000000000000074
:10F09C000000000000000000000000000000000064
:10F0AC000000000000000000000000000000000054
:10F0BC000000000000000000000000000000000044
:10F0CC000000000000000000000000000000000034
:10F0DC000000000000000000000000000000000024
:10F0EC000000000000000000000000000000000014
:10F0FC000000000000000000000000000000000004
:10F10C0000000000000000000000000000000000F3
:10F11C0000000000000000000000000000000000E3
:10F12C000080E03779C34143176E05B5B5B89346F7
:10F13C00F5F93FE9034F384D321D30F94877825AC3
:10F14C003CBF737FDD4F1575000000000000F03FE1
:10F15C0000000000000024400000000000005940A6
:10F16C000000000000408F40000000000088C340F9
:10F17C0000000000006AF8400000000080842E416E
:10F18C0000000000D01263410000000084D79741BA
:10F19C000000000065CDCD41000000205FA00242C0
:10F1AC00000000E876483742000000A2941A6D4235
:10F1BC00000040E59C30A2420000901EC4BCD64228
:10F1CC0000003426F56B0C430080E03779C34143D3
:10F1DC0000A0D8855734764300C84E676DC1AB4349
:10F1EC00003D9160E458E143408CB5781DAF154467
:10F1FC0050EFE2D6E41A4B4492D54D06CFF0804442
:10F20C00F64AE1C7022DB544B49DD9794378EA4456
:10F21C00BC89D897B2D29C3C33A7A8D523F64939E0
:10F22C003DA7F444FD0FA5329D978CCF08BA5B2502
:10F23C00436FAC64280668116D2025662025662076
:10F24C002566000065200000200000000000000082
:10F25C00000000007103000035170000311700009A
:10F26C002D1700002917000025170000211700009A
:10F27C001D1700002C2066756E6374696F6E3A2042
:10F28C0000000000617373657274696F6E20222533
:10F29C007322206661696C65643A2066696C65202E
:10F2AC00222573222C206C696E652025642573251C
:10F2BC00730A000042616C6C6F6320737563636545
:10F2CC0065646564000000002F646174612F6A65D9
:10F2DC006E6B696E732F776F726B73706163652FD2
:10F2EC00474E552D746F6F6C636861696E2F617238
:10F2FC006D2D31312F7372632F6E65776C69622DB2
:10F30C0063796777696E2F6E65776C69622F6C69AC
:10F31C0062632F7374646C69622F6764746F612D00
:10F32C006765746865782E630000000000000000BB
:10F33C0000000000000000000000000000000000C1
:10F34C0000000000000000000000000000000000B1
:10F35C00000000000000000000000000101112135B
:10F36C00141516171819000000000000001A1B1CB9
:10F37C001D1E1F0000000000000000000000000027
:10F38C00000000000000000000000000001A1B1C20
:10F39C001D1E1F0000000000000000000000000007
:10F3AC000000000000000000000000000000000051
:10F3BC000000000000000000000000000000000041
:10F3CC000000000000000000000000000000000031
:10F3DC000000000000000000000000000000000021
:10F3EC000000000000000000000000000000000011
:10F3FC000000000000000000000000000000000001
:10F40C0000000000000000000000000000000000F0
:10F41C0000000000000000000000000000000000E0
:10F42C000000000000000000000000002F64617468
:10F43C00612F6A656E6B696E732F776F726B737069
:10F44C006163652F474E552D746F6F6C63686169EE
:10F45C006E2F61726D2D31312F7372632F6E657744
:10F46C006C69622D63796777696E2F6E65776C694D
:10F47C00622F6C6962632F7374646C69622F6D7098
:10F48C007265632E6300000065256C64000000004B
:10F49C000020202020202020202028282828282058
:10F4AC002020202020202020202020202020202050
:10F4BC0020881010101010101010101010101010B8
:10F4CC0010040404040404040404041010101010A8
:10F4DC001010414141414141010101010101010172
:10F4EC0001010101010101010101010110101010C4
:10F4FC001010424242424242020202020202020244
:10F50C000202020202020202020202021010101097
:10F51C0020000000000000000000000000000000BF
:10F52C0000000000000000000000000000000000CF
:10F53C0000000000000000000000000000000000BF
:10F54C0000000000000000000000000000000000AF
:10F55C00000000000000000000000000000000009F
:10F56C00000000000000000000000000000000008F
:10F57C00000000000000000000000000000000007F
:10F58C00000000000000000000000000000000006F
:10F59C0000000000496E66696E6974790000000015
:10F5AC004E614E002F646174612F6A656E6B696EDB
:10F5BC00732F776F726B73706163652F474E552D88
:10F5CC00746F6F6C636861696E2F61726D2D313170
:10F5DC002F7372632F6E65776C69622D6379677711
:10F5EC00696E2F6E65776C69622F6C6962632F731D
:10F5FC0074646C69622F64746F612E630000000088
:10F60C004A495300534A4953000000004555434AA8
:10F61C00500000002E0000006E660000696E6974D8
:10F62C0079000000616E0000494E4600696E66006C
:10F63C004E414E006E616E00303132333435363708
:10F64C003839616263646566000000003031323322
:10F65C0034353637383941424344454600000000C2
:10F66C00286E756C6C2900003000000000300130F1
:10F67C0002300CFF0EFFFB301AFF1BFF1FFF01FFB8
:10F68C009B309C30B40040FFA8003EFF3E203FFF63
:10F69C00FD30FE309D309E300330DD4E053006309F
:10F6AC000730FC30142010200FFF3CFF1C301620BC
:10F6BC005CFF26202520182019201C201D2008FF67
:10F6CC0009FF143015303BFF3DFF5BFF5DFF083039
:10F6DC0009300A300B300C300D300E300F3010303A
:10F6EC0011300BFF1222B100D700F7001DFF602272
:10F6FC001CFF1EFF662267221E2234224226402651
:10F70C00B000322033200321A50004FFA200A30087
:10F71C0005FF03FF06FF0AFF20FFA70006260526AC
:10F72C00CB25CF25CE25C725C625A125A025B325BC
:10F73C00B225BD25BC253B20123092219021912170
:10F74C0093211330000000000000000000000000B6
:10F75C000000000000000000000008220B2286229E
:10F76C008722822283222A22292200000000000004
:10F77C000000000000000000000027222822AC003E
:10F78C00D221D421002203222922000000000000F3
:10F79C00000000000000000000000000000020221B
:10F7AC00A522122302220722612252226A226B22F4
:10F7BC001A223D221D2235222B222C220000000071
:10F7CC00000000000000000000002B2130206F26FC
:10F7DC006D266A2620202120B6002C220000000075
:10F7EC000000EF25000000000000000000000000F9
:10F7FC0000000001010101010101010101000000F3
:10F80C0000000000010101010101010101010101E0
:10F81C0001010101010101010101010101010000CE
:10F82C0000000000000101010101010101010101C1
:10F83C0001010101010101010101010101010100AD
:10F84C0091039203930394039503960397039803F0
:10F85C0099039A039B039C039D039E039F03A003A0
:10F86C00A103A303A403A503A603A703A803A90349
:10F87C00000000000000000000000000000000007C
:10F88C00B103B203B303B403B503B603B703B803B0
:10F89C00B903BA03BB03BC03BD03BE03BF03C00360
:10F8AC00C103C303C403C503C603C703C803C90309
:10F8BC001004110412041304140415040104160496
:10F8CC001704180419041A041B041C041D041E0438
:10F8DC001F042004210422042304240425042604E8
:10F8EC002704280429042A042B042C042D042E0498
:10F8FC002F040000000000000000000000000000C9
:10F90C0000000000000000000000000000000000EB
:10F91C003004310432043304340435045104360405
:10F92C003704380439043A043B043C043D043E04D7
:10F93C003F04400441044204430444044504460487
:10F94C004704480449044A044B044C044D044E0437
:10F95C004F040000002502250C2510251825142520
:10F96C001C252C25242534253C25012503250F2574
:10F97C0013251B251725232533252B253B254B2507
:10F98C0020252F25282537253F251D2530252525E4
:10F99C00382542259C4E1655035A3F96C0541B6180
:10F9AC002863F659229075841C83507AAA60E1630F
:10F9BC00256EED656684A682F59B93682757A16535
:10F9CC0071629B5BD0597B86F498627DBE7D8E9B69
:10F9DC0016629F7CB788895BB55E09639766486839
:10F9EC00C7958D974F67E54E0A4F4D4F9D4F495028
:10F9FC00F2563759D459015A095CDF600F617061B6
:10FA0C0013660569BA704F757075FB79AD7DEF7D26
:10FA1C00C3800E846388028B55907A903B53954E2D
:10FA2C00A54EDF57B280C190EF78004EF158A26E10
:10FA3C003890327A28838B822F9C41517053BD545D
:10FA4C00E154E056FB59155FF298EB6DE4802D857F
:10FA5C0062967096A096FB970B54F353875BCF700E
:10FA6C00BD7FC28FE8966F535C9DBA7A114E937826
:10FA7C00FC81266E185604551D6B1A853B9CE55966
:10FA8C00A953666DDC748F954256914E4B90F2964D
:10FA9C004F830C99E153B655305B715F2066F3666A
:10FAAC000468386CF36C296D5B74C8764E7A3498A4
:10FABC00F1825B88608AED92B26DAB75CA76C5999E
:10FACC00A660018B8A8DB2958E69AD538651125703
:10FADC0030584459B45BF65E2860A963F463BF6C7C
:10FAEC00146F8E7014715971D5713F73017E7682CB
:10FAFC00D182978560905B921B9D6958BC655A6C4E
:10FB0C002575F9512E596559805FDC5FBC62FA6529
:10FB1C002A6A276BB46B8B73C17F56892C9D0E9D03
:10FB2C00C49EA15C966C7B8304514B5CB661C68110
:10FB3C0076686172594EFA4F78536960296E4F7A24
:10FB4C00F3970B4E1653EE4E554F3D4FA14F734F3F
:10FB5C00A052EF5309560F59C15AB65BE15BD179EC
:10FB6C0087669C67B6674C6BB36C6B70C2738D7990
:10FB7C00BE793C7A877BB182DB8204837783EF8307
:10FB8C00D3836687B28A2956A88CE68F4E901E972F
:10FB9C008A86C44FE85C116259723B75E581BD825F
:10FBAC00FE86C08CC5961399D599CB4E1A4FE38916
:10FBBC00DE564A58CA58FB5EEB5F2A60946062605E
:10FBCC00D0611262D0623965419B6666B068776D10
:10FBDC0070704C758676757DA582F9878B958E969F
:10FBEC009D8CF151BE521659B354B35B165D6861CE
:10FBFC008269AF6D8D78CB845788728AA793B89A37
:10FC0C006C6DA899D986A357FF67CE860E92835246
:10FC1C0087560454D35EE162B9643C683868BB6BA8
:10FC2C007273BA786B7A9A89D2896B8D038FED9047
:10FC3C00A39594966997665BB35C7D694D984E98D5
:10FC4C009B63207B2B6A7F6AB6680D9C5F6F725238
:10FC5C009D557060EC623B6D076ED16E5B841089B4
:10FC6C00448F144E399CF6531B693A6A84972A6860
:10FC7C005C51C37AB284DC918C935B56289D2268CC
:10FC8C0005833184A57C0852C582E6747E4E834F71
:10FC9C00A051D25B0A52D852E752FB5D9A552A58B2
:10FCAC00E6598C5B985BDB5B725E795EA3601F61CF
:10FCBC006361BE61DB636265D1675368FA683E6B52
:10FCCC00536B576C226F976F456FB0741875E37652
:10FCDC000B77FF7AA17B217CE97D367FF07F9D80BD
:10FCEC0066829E83B389CC8AAB8C84905194939515
:10FCFC009195A2956596D39728991882384E2B54D6
:10FD0C00B85CCC5DA9734C763C77A95CEB7F0B8D12
:10FD1C00C196119854985898014F0E4F71539C5599
:10FD2C006856FA574759095BC45B905C0C5E7E5E63
:10FD3C00CC5FEE633A67D765E2651F67CB68C46832
:10FD4C005F6A305EC56B176C7D6C7F754879635B41
:10FD5C00007A007DBD5F8F89188AB48C778DCC8E2C
:10FD6C001D8FE2980E9A3C9B804E7D50005193590A
:10FD7C009C5B2F628062EC643A6BA0729175477940
:10FD8C00A97FFB87BC8A708BAC63CA83A09709548C
:10FD9C000354AB555468586A708A27787567CD9EA2
:10FDAC007453A25B1A8150860690184E454EC74E6E
:10FDBC00114FCA533854AE5B135F256051653D67D4
:10FDCC00426C726CE36C78700374767AAE7A087B52
:10FDDC001A7DFE7C667DE7655B72BB53455CE85D16
:10FDEC00D262E0621963206E5A86318ADD8DF892F8
:10FDFC00016FA6795A9BA84EAB4EAC4E9B4FA04FB1
:10FE0C00D1504751F67A7151F651545321537F53C7
:10FE1C00EB53AC558358E15C375F4A5F2F60506001
:10FE2C006D601F6359654B6AC16CC272ED72EF77DE
:10FE3C00F880058108824E85F790E193FF975799DA
:10FE4C005A9AF04EDD512D5C81666D69405CF2660C
:10FE5C00756989735068817CC550E4524757FE5DC3
:10FE6C002693A465236B3D6B34748179BD794B7BF0
:10FE7C00CA7DB982CC837F885F89398BD18FD19130
:10FE8C001F5480925D4E3650E5533A53D772967399
:10FE9C00E977E682AF8EC699C899D29977511A61E3
:10FEAC005E86B0557A7A7650D35B47908596324E03
:10FEBC00DB6AE791515C485C98639F7A936C74970A
:10FECC00618FAA7A8A718896827C1768707E5168D5
:10FEDC006C93F2521B54AB85138AA47FCD8EE190A8
:10FEEC00665388884179C24FBE50115244515355C4
:10FEFC002D57EA738B575159625F845F7560766139
:10FF0C006761A961B2633A646C656F664268136E8F
:10FF1C0066753D7AFB7C4C7D997D4B7E6B7F0E83A9
:10FF2C004A83CD86088A638A668BFD8E1A988F9DCC
:10FF3C00B882CE8FE89B87521F628364C06F9996FC
:10FF4C0041689150206B7A6C546F747A507D408864
:10FF5C00238A0867F64E3950265065507C5138522A
:10FF6C006352A7550F570558CC5AFA5EB261F86127
:10FF7C00F36272631C69296A7D72AC722E731478F9
:10FF8C006F78797D0C77A9808B89198BE28CD28E56
:10FF9C00639075937A965598139A789E43519F5314
:10FFAC00B3537B5E265F1B6E906E8473FE73437D32
:10FFBC003782008AFA8A50964E4E0B50E4537C548A
:10FFCC00FA56D159645BF15DAB5E275F38624565CB
:10FFDC00AF67566ED072CA7CB488A180E180F08382
:10FFEC004E86878AE88D3792C7966798139F944EF2
:04FFFC00924E0D4FC5
:02000004600199
:10000000485349543E542F5A8C5FA15F9F60A768A4
:100010008E6A5A7481789E8AA48A778B90915E4EFC
:10002000C99BA44E7C4FAF4F1950165049516C518B
:100030009F52B952FE529A53E35311540E548955AC
:100040005157A2577D59545B5D5B8F5BE55DE75D62
:10005000F75D785E835E9A5EB75E185F52604C61B2
:100060009762D862A7633B6502664366F4666D6774
:1000700021689768CB695F6C2A6D696D2F6E9D6EE4
:10008000327587766C783F7AE07C057D187D5E7DE1
:10009000B17D15800380AF80B18054818F812A8229
:1000A00052834C8861881B8BA28CFC8CCA90759102
:1000B00071923F78FC92A4954D9605989999D89A9B
:1000C0003B9D5B52AB52F7530854D558F762E06F33
:1000D0006A8C5F8FB99E4B513B524A54FD56407A11
:1000E0007791609DD29E4473096F70811175FD5F99
:1000F000DA60A89ADB72BC8F646B0398CA4EF05624
:100100006457BE585A5A6860C7610F6606663968F8
:10011000B168F76DD5753A7D6E82429B9B4E504F0C
:10012000C95306556F5DE65DEE5DFB67996C7374B0
:100130000278508A9693DF885057A75E2B63B5509C
:10014000AC508D510067C9545E58BB59B05B695FB4
:100150004D62A1633D68736B086E7D70C7918072BC
:10016000157826786D798E65307DDC83C188098F9E
:100170009B966452285750676A7FA18CB4514257AE
:100180002A963A588A69B480B2540E5DFC57957825
:10019000FA9D5C4F4A528B543E6428661467F5679B
:1001A000847A567B227D2F935C68AD9B397B1953F3
:1001B0008A513752DF5BF662AE64E6642D67BA6B34
:1001C000A985D1969076D69B4C630693AB9BBF7660
:1001D0005266094E9850C253715CE8609264636540
:1001E0005F68E671CA732375977B827E9586838BE1
:1001F000DB8C78911099AC65AB668B6BD54ED44E89
:100200003A4F7F4F3A52F853F253E355DB56EB58CF
:10021000CB59C959FF59505B4D5C025E2B5ED75FCD
:100220001D6007632F655C5BAF65BD65E8659D6715
:10023000626B7B6B0F6C45734979C179F87C197DD2
:100240002B7DA2800281F38196895E8A698A668A03
:100250008C8AEE8AC78CDC8CCC96FC986F6B8B4EAC
:100260003C4F8D4F5051575BFA5B486101634266CA
:10027000216BCB6EBB6C3E72BD74D475C1783A797C
:100280000C803380EA8194849E8F506C7F9E0F5F38
:10029000588B2B9DFA7AF88E8D5BEB96034EF153BB
:1002A000F7573159C95AA45B89607F6E066FBE75D6
:1002B000EA8C9F5B0085E07B7250F4679D82615CF5
:1002C0004A851E7E0E829951045C6863668D9C652A
:1002D0006E713E79177D05801D8BCA8E6E90C78624
:1002E000AA901F50FA523A5C53677C7035724C9159
:1002F000C8912B93E582C25B315FF9603B4ED653C8
:10030000885B4B6231678A6BE972E0732E7A6B818E
:10031000A38D529196991251D7536A54FF5B88630B
:10032000396AAC7D0097DA56CE536854975B315CDE
:10033000DE5DEE4F0161FE62326DC079CB79427DA8
:100340004D7ED27FED811F82908446887289908B8A
:10035000748E2F8F31904B916C91C6969C91C04EAC
:100360004F4F45514153935F0E62D467416C0B6E02
:100370006373267ECD918392D4531959BF5BD16D9F
:100380005D792E7E9B7C7E589F71FA515388F08F49
:10039000CA4FFB5C2566AC77E37A1C82FF99C65195
:1003A000AA5FEC656F69896BF36D966E646FFE767C
:1003B000147DE15D759087910698E6511D5240626B
:1003C0009166D9661A6EB65ED27D727FF866AF8589
:1003D000F785F88AA952D95373598F5E905F55609B
:1003E000E4926496B7501F51DD5220534753EC53AB
:1003F000E8544655315517566859BE593C5AB55BB5
:10040000065C0F5C115C1A5C845E8A5EE05E705F65
:100410007F628462DB628C63776307660C662D669D
:1004200076667E67A2681F6A356ABC6C886D096E45
:10043000586E3C7126716771C77501775D780179D7
:100440006579F079E07A117BA77C397D9680D68337
:100450008B8449855D88F3881F8A3C8A548A738A15
:10046000618CDE8CA49166927E9318949C969897EA
:100470000A4E084E1E4E574E97517052CE57345862
:10048000CC58225B385EC560FE6461675667446D78
:10049000B6727375637AB884728BB89120933156B3
:1004A000F457FE98ED620D69966BED71547E77807E
:1004B0007282E689DF985587B18F3B5C384FE14FF8
:1004C000B54F0755205ADD5BE95BC35F4E612F6373
:1004D000B0654B66EE689B69786DF16D3375B975E3
:1004E0001F775E79E679337DE381AF82AA85AA8999
:1004F0003A8AAB8E9B8F3290DD910797BA4EC14EF0
:1005000003527558EC580B5C1A753D5C4E810A8A93
:10051000C58F63966D97257BCF8A08986291F356B5
:10052000A853179039548257255EA863346C8A709B
:1005300061778B7CE07F7088429054911093189380
:100540008F965E74C49A075D695D7065A267A88D19
:10055000DB966E6349671969C5831798C096FE8854
:10056000846F7A64F85B164E2C705D752F66C451EB
:100570003652E252D359815F276010623F6574653D
:100580001F667466F2681668636B056E72721F757B
:10059000DB76BE7C5680F058FD887F89A08A938ADE
:1005A000CB8A1D9092915297599789650E7A068150
:1005B000BB962D5EDC601A62A56514669067F377C2
:1005C0004D7A4D7C3E7E0A81AC8C648DE18D5F8ED0
:1005D000A9780752D962A563426498622D8A837A0A
:1005E000C07BAC8AEA96767D0C824987D94E485109
:1005F00043536053A35B025C165CDD5D2662476279
:10060000B06413683468C96C456D176DD3675C6F4F
:100610004E717D71CB657F7AAD7BDA7D4A7EA87F96
:100620007A811B823982A6856E8ACE8CF58D789070
:100630007790AD9291928395AE9B4D528455386FD1
:10064000367168518579557EB381CE7C4C565158B0
:10065000A85CAA63FE66FD665A69D9728F758E75AD
:100660000E795679DF79977C207D447D0786348A20
:100670003B966190209FE7507552CC53E25309504E
:10068000AA55EE584F593D728B5B645C1D53E36075
:10069000F3605C6383633F63BB63CD64E965F966C4
:1006A000E35DCD69FD69156FE571894EE975F876F1
:1006B000937ADF7CCF7D9C7D6180498358836C84F5
:1006C000BC84FB85C588708D01906D9097931C97B5
:1006D000129ACF5097588E61D3813585088D20901E
:1006E000C34F7450475273536F6049635F672C6EFA
:1006F000B38D1F90D74F5E5CCA8CCF659A7D5253E5
:1007000096887651C363585B6B5B0A5C0D645167D6
:100710005C90D64E1A592A59706C518A3E5515581C
:10072000A559F0605362C167358255694096C499F6
:10073000289A534F0658FE5B1080B15C2F5E855F90
:1007400020604B613462FF66F06CDE6ECE807F818C
:10075000D4828B88B88C00902E908A96DB9EDB9B8F
:10076000E34EF05327592C7B8D914C98F99DDD6E0B
:10077000277053534455855B58629E62D362A26CC6
:10078000EF6F2274178A3894C16FFE8A3883E7515D
:10079000F886EA53E953464F5490B08F6A59318135
:1007A000FD5DEA7ABF8FDA68378CF872489C3D6A43
:1007B000B08A394E585306566657C562A263E6653D
:1007C0004E6BE16D5B6EAD70ED77EF7AAA7BBB7D12
:1007D0003D80C680CB86958A5B93E356C7583E5FC3
:1007E000AD659666806AB56B3775C78A2450E57724
:1007F00030571B5F65607A66606CF4751A7A6E7F9D
:10080000F48118874590B399C97B5C75F97A517B5F
:10081000C4841090E979927A3683E15A40772D4E5C
:10082000F24E995BE05FBD623C66F167E86C6B86F7
:1008300077883B8A4E91F392D099176A26702A7373
:10084000E7825784AF8C014E4651CB518B55F55BF7
:10085000165E335E815E145F355F6B5FB45FF2617D
:100860001163A2661D676E6F52723A753A77748093
:10087000398178817687BF8ADC8A858DF38D9A925B
:1008800077950298E59CC5525763F4761567886C96
:10089000CD73C38CAE937396256D9C580E69CC694D
:1008A000FD8F9A93DB751A905A580268B463FB69FE
:1008B000434F2C6FD867BB8F2685B47D54933F6917
:1008C000706F6A57F7582C5B2C7D2A720A54E3919B
:1008D000B49DAD4E4E4F5C50755043529E8C485463
:1008E00024589A5B1D5E955EAD5EF75E1F5F8C605F
:1008F000B5623A63D063AF68406C87788E790B7AC3
:10090000E07D4782028AE68A448E1390B8902D914A
:10091000D8910E9FE56C5864E2647565F46E847638
:100920001B7B6990D193BA6EF254B95FA4644D8F6A
:10093000ED8F449278516B582959555C975EFB6D49
:100940008F7E1C75BC8CE28E5B98B9701D4FBF6B9F
:10095000B16F3075FB964E51105435585758AC59FD
:10096000605C925F97655C67216E7B76DF83ED8CC0
:100970001490FD904D9325783A78AA52A65E1F57A1
:100980007459126012505A51AC51CD510052105549
:10099000545858585759955BF65C8B5DBC6095620E
:1009A0002D6471674368BC68DF68D776D86D6F6E59
:1009B0009B6D6F70C871535FD8757779497B547B95
:1009C000527BD67C717D305263846985E4850E8AC2
:1009D000048B468C0F8E03900F90199476962D9869
:1009E000309AD895CD50D5520C5402580E5CA76160
:1009F0009E641E6DB377E57AF480048453908592EB
:100A0000E05C079D3F53975FB35F9C6D797263779E
:100A1000BF79E47BD26BEC72AD8A0368616AF851EE
:100A2000817A34694A5CF69CEB82C55B49911E7001
:100A300078566F5CC76066658C6C5A8C41901398D1
:100A40005154C7660D924859A39085514D4EEA51B5
:100A500099850E8B58707A634B936269B499047EC2
:100A6000777557536069DF8EE3965D6C8C4E3C5C06
:100A7000105FE98F0253D18C89807986FF5EE5652E
:100A8000734E655182593F5CEE97FB4E8A59CD5F9C
:100A90008D8AE16FB0796279E75B71842B73B171F4
:100AA000745EF55F7B639A64C371987C434EFC5E11
:100AB0004B4EDC57A256A960C36F0D7DFD8033817C
:100AC000BF81B28F9789A486F45D8A62AD648789FD
:100AD0007767E26C3E6D36743478465A757FAD8226
:100AE000AC99F34FC35EDD62926357656F67C3765F
:100AF0004C72CC80BA80298F4D910D50F957925A83
:100B0000856873696471FD72B78CF258E08C6A96DF
:100B100019907F87E479E77729842F4F65525A53DC
:100B2000CD62CF67CA6C7D76947B957C3682848556
:100B3000EB8FDD66206F06721B7EAB83C199A69E8C
:100B4000FD51B17B7278B87B8780487BE86A615E33
:100B50008C80517560756B5162928C6E7A7697912C
:100B6000EA9A104F707F9C624F7BA595E99C7A565C
:100B70005958E486BC96344F24524A53CD53DB5324
:100B8000065E2C6491657F673E6C4E6C4872AF7256
:100B9000ED735475417E2C82E985A98CC47BC69186
:100BA00069711298EF983D6369666A75E476D0784A
:100BB0004385EE862A53515326548359875E7C5FC2
:100BC000B26049627962AB629065D46BCC6CB275ED
:100BD000AE769178D879CB7D777FA580AB88B98ABE
:100BE000BB8C7F905E97DB980B6A387C99503E5C9B
:100BF000AE5F8767D86B357409778E7F3B9FCA6776
:100C0000177A39538B75ED9A665F9D81F1839880D1
:100C10003C5FC55F6275467B3C906768EB599B5AA9
:100C2000107D7E762C8BF54F6A5F196A376C026FE8
:100C3000E27468796888558A798CDF5ECF63C57500
:100C4000D279D7822893F2929C84ED862D9CC15450
:100C50006C5F8C655C6D1570A78CD38C3B984F6571
:100C6000F6740D4ED84EE0572B59665ACC5BA851FE
:100C7000035E9C5E166076627765A7656E666E6D34
:100C80003672267B50819A8199825C8BA08CE68C8F
:100C9000748D1C964496AE4FAB64666B1E82618465
:100CA0006A85E890015C5369A8987A8457850F4F4C
:100CB0006F52A95F455E0D678F79798107898689B3
:100CC000F56D175F5562B86CCF4E6972929B0652F4
:100CD0003B547456B358A4616E621A716E59897C84
:100CE000DE7C1B7DF09687655E80194E754F7551D1
:100CF0004058635E735E0A5FC467264E3D858995E2
:100D00005B96737C0198FB50C1585676A7782552A4
:100D1000A5771185867B4F5009594772C77BE87DBF
:100D2000BA8FD48F4D90BF4FC952295A015FAD97EA
:100D3000DD4F1782EA9203575563696B2B75DC8888
:100D4000148F427ADF52935855610A62AE66CD6BBA
:100D50003F7CE9832350F84F055346543158495995
:100D60009D5BF05CEF5C295D965EB16267633E65FA
:100D7000B9650B67D56CE16CF97032782B7EDE803B
:100D8000B3820C84EC84028712892A8A4A8CA6904A
:100D9000D292FD98F39C6C9D4F4EA14E8D505652B1
:100DA0004A57A8593D5ED85FD95F3F62B4661B675A
:100DB000D067D2689251217DAA80A881008B8C8C4B
:100DC000BF8C7E92329620542C981753D5505C538A
:100DD000A858B264346767726677467AE691C35260
:100DE000A16C866B00584C5E54592C67FB7FE15117
:100DF000C6766964E878549BBB9ECB57B959276681
:100E00009A67CE6BE954D969555E9C819567AA9B18
:100E1000FE67529C5D68A64EE34FC853B9622B67CC
:100E2000AB6CC48FAD4F6D7EBF9E074E6261806E0E
:100E30002B6F138573542A67459BF35D957BAC5CE0
:100E4000C65B1C874A6ED184147A088199598D7CBF
:100E5000116C2077D952225921715F72DB77279765
:100E6000619D0B697F5A185AA5510D547D540E6629
:100E7000DF76F78F9892F49CEA595D72C56E4D51FA
:100E8000C968BF7DEC7D6297BA9E7864216A02834F
:100E900084595F5BDB6B1B73F276B27D178099849C
:100EA00032512867D99EEE766267FF520599245C1D
:100EB0003B627E7CB08C4F55B6600B7D80950153B4
:100EC0005F4EB6511C593A723680CE91255FE2775B
:100ED0008453795F047DAC85338A8D8E5697F36792
:100EE000AE85539409610861B96C5276ED8A388FEA
:100EF0002F55514F2A51C752CB53A55B7D5EA06041
:100F00008261D6630967DA67676E8C6D36733773F3
:100F100031755079D588988A4A909190F590C49609
:100F20008D871559884E594F0E4E898A3F8F1098DC
:100F3000AD507C5E9659B95BB85EDA63FA63C16402
:100F4000DC664A69D8690B6DB66E94712875AF7A04
:100F50008A7F00804984C9848189218B0A8E6590AB
:100F60007D960A997E619162326B836C746DCC7F41
:100F7000FC7FC06D857FBA87F8886567B1833C9830
:100F8000F7961B6D617D3D846A91714E7553505D7E
:100F9000046BEB6FCD852D86A78929520F54655CB4
:100FA0004E67A86806748374E275CF88E188CC9197
:100FB000E29678968B5F8773CB7A4E84A0636575D3
:100FC0008952416D9C6E097459756B78927C869636
:100FD000DC7A8D9FB64F6E61C5655C86864EAE4EDF
:100FE000DA50214ECC51EE5B99658168BC6D1F7360
:100FF0004276AD771C7AE77C6F82D28A7C90CF9163
:10100000759618989B52D17D2B5098539767CB6D4E
:10101000D0713374E8812A8FA396579C9F9E607489
:101020004158996D2F7D5E98E44E364F8B4FB751E6
:10103000B152BA5D1C60B2733C79D3823492B796D8
:10104000F6960A97979E629FA666746B1752A352F4
:10105000C870C288C95E4B609061236F49713E7C45
:10106000F47D6F80EE8423902C9342546F9BD36A5F
:101070008970C28CEF8D3297B452415ACA5E045FB8
:1010800017677C6994696A6D0F6F6272FC72ED7B01
:1010900001807E804B87CE906D51939E84798B80AA
:1010A0003293D68A2D508C54718A6A6BC48C078116
:1010B000D160A067F29D994E984E109C6B8AC185B5
:1010C000688500697E6E9778558100000A000100EE
:1010D00002000300040005000600070008000900E4
:1010E0000A000B000C000D000E000F0010000000A5
:1010F00020202020202020202020202020202020F0
:1011000020202020202020202020202020202020DF
:10111000000000001F001C2000000000142100003F
:10112000020016240000000014250000020015280B
:1011300000000000112900000000142A0000000037
:10114000182B00000000142C00000000102D0000DF
:101150000000142E000001000C3000000900143AB9
:1011600000000100183C00000200143F00000100D4
:10117000034100001900155B00000000145C000032
:101180000000115D00000000175E000000000F5F0E
:10119000000000001760000000000361000019005B
:1011A000157B00000000187C00000000117D00008D
:1011B0000000187E00000000007F000020001CA03E
:1011C0000000000014A10000000016A200000300AF
:1011D00019A60000000014A70000000017A80000D6
:1011E000000019A90000000006AA0000000013ABCF
:1011F0000000000018AC0000000001AD000000007D
:1012000019AE0000000017AF0000000019B0000088
:10121000000018B1000000000EB20000010017B479
:101220000000000003B50000000014B6000001003B
:1012300017B8000000000EB90000000006BA000058
:10124000000012BB000000000EBC0000020014BF32
:101250000000000003C00000160018D700000000C6
:1012600003D80000060004DF0000000003E00000D7
:10127000160018F70000000003F800003F000438D3
:1012800001000000033901000F00044901000000C3
:10129000034A01004200048D01000000038E01009A
:1012A0000C00049B01000000039C01000D0004AA37
:1012B0000100010003AC01000D0004BA01000000B0
:1012C00006BB0100000003BC0100010004BE0100D8
:1012D000000003BF0100000006C00100030003C4BA
:1012E0000100000007C50100000003C60100010065
:1012F00007C80100000003C90100010007CB01007D
:10130000000003CC0100230004F00100000003F101
:101310000100000007F20100000003F301002D00AE
:101320000421020000000322020011000434020024
:101330000500033A02001A0004550200000003569B
:1013400002000100045802000000035902000000DE
:10135000045A02000000035B02000100045D020069
:101360000200036002000100046202000000036347
:101370000200000004640200000003650200010096
:10138000046702000000036802000400046D02000C
:101390000100036F020000000470020000000371EE
:1013A0000200010004730200010003750200000046
:1013B000047602000600037D02000000047E0200A5
:1013C000010003800200000004810200000003828B
:1013D00002000100048402000200038702000500ED
:1013E000048D020004000392020000000493020036
:1013F0000000069402000000049502000700039D0F
:1014000002000100049F0200100005B0020011005C
:1014100017C20200030005C602000B0017D202002B
:101420000D0005E00200040017E50200060005ECCF
:101430000200000017ED0200000005EE02000000AF
:1014400017EF020010000B0003006F000370030091
:101450000300057403000000177503000000037605
:1014600003000100057A03000000037B0300020073
:10147000147E03000000037F0300000017840300B4
:1014800001000386030000001487030000000388A6
:1014900003000200038C03000000038E0300010020
:1014A00004900300000003910300100003A3030055
:1014B0000C0004B00300000003B10300200008D2B8
:1014C0000300020003D50300200018F6030000000B
:1014D00003F70300040004FC0300000003FD030005
:1014E00084001982040000000B83040004000A88B1
:1014F00004000100038A0400A50003310500250053
:10150000055905000000145A050005000460050097
:10151000000003610500250004870500010014890F
:1015200005000000108A05000000198D050001006B
:10153000168F050000000B9105002C0010BE050061
:1015400000000BBF0500000014C0050000000BC127
:101550000500010014C3050000000BC405000100D4
:1015600014C6050000000BC70500000006D00500EA
:101570001A0006EF0500030014F305000100010046
:101580000600050018060600020014090600010006
:10159000160B06000000140C06000100190E0600D0
:1015A00001000B1006000A00141B06000000011CBD
:1015B00006000000141D06000200062006001F00A1
:1015C0000540060000000641060009000B4B06001E
:1015D00014000C6006000900146A06000300066E81
:1015E000060001000B700600000006710600620094
:1015F00014D40600000006D5060000000BD6060035
:10160000060001DD0600000019DE060000000BDF09
:101610000600050005E5060001000BE706000100D5
:1016200019E9060000000BEA0600030006EE0600BA
:1016300001000CF00600090006FA0600020019FD80
:101640000600010006FF06000000140007000D0060
:10165000010F070000000610070000000B11070033
:101660000000061207001D000B3007001A00064D8F
:10167000070058000BA607000A0006B1070000008B
:101680000CC00700090006CA070020000BEB07008A
:10169000080005F40700010019F60700000014F720
:1016A0000700020005FA070000000BFD070000001C
:1016B00016FE070001000600080015000B160800C2
:1016C0000300051A080000000B1B08000800052491
:1016D000080000000B250800020005280800000093
:1016E0000B2908000400143008000E000640080012
:1016F00018000B5908000200145E08000000066084
:1017000008000A000670080017001788080000008B
:101710000689080005000190080001000B980800E8
:10172000070006A00800280005C9080000000BCA31
:101730000800170001E2080000000BE308001F008A
:101740000903090000000604090035000B3A0900EE
:101750000000093B090000000B3C09000000063DA9
:1017600009000000093E090002000B4109000700C2
:101770000949090003000B4D09000000094E09004A
:1017800001000650090000000B5109000600065830
:10179000090009000B62090001001464090001003E
:1017A0000C660900090014700900000005710900A9
:1017B0000000067209000E000B810900000009827A
:1017C00009000100068509000700068F09000100D5
:1017D00006930900150006AA0900060006B20900D2
:1017E000000006B6090003000BBC0900000006BD9E
:1017F0000900000009BE090002000BC10900030036
:1018000009C70900010009CB090001000BCD09003F
:10181000000006CE0900000009D70900000006DC20
:101820000900010006DF090002000BE209000100C7
:101830000CE60900090006F00900010016F2090093
:1018400001000EF40900050019FA0900000016FB5A
:101850000900000006FC0900000014FD090000005A
:101860000BFE090000000B010A00010009030A0039
:10187000000006050A000500060F0A000100061315
:101880000A001500062A0A00060006320A000100B6
:1018900006350A00010006380A0001000B3C0A0068
:1018A0000000093E0A0002000B410A0001000B473C
:1018B0000A0001000B4B0A0002000B510A00000055
:1018C00006590A000300065E0A0000000C660A00C2
:1018D00009000B700A00010006720A0002000B7575
:1018E0000A00000014760A0000000B810A000100C3
:1018F00009830A00000006850A000800068F0A0016
:10190000020006930A00150006AA0A00060006B2A5
:101910000A00010006B50A0004000BBC0A00000022
:1019200006BD0A00000009BE0A0002000BC10A0041
:1019300004000BC70A00010009C90A00000009CB16
:101940000A0001000BCD0A00000006D00A000000CA
:1019500006E00A0001000BE20A0001000CE60A00A2
:10196000090014F00A00000016F10A00000006F950
:101970000A0000000BFA0A0005000B010B00000032
:1019800009020B00010006050B000700060F0B0003
:10199000010006130B001500062A0B000600063294
:1019A0000B00010006350B0004000B3C0B0000008F
:1019B000063D0B000000093E0B0000000B3F0B0032
:1019C000000009400B0000000B410B000300094719
:1019D0000B000100094B0B0001000B4D0B00000038
:1019E0000B550B00010009570B000000065C0B00B3
:1019F0000100065F0B0002000B620B0001000C6689
:101A00000B00090019700B00000006710B000000AC
:101A10000E720B0005000B820B00000006830B000A
:101A2000000006850B000500068E0B0002000692E2
:101A30000B00030006990B000100069C0B00000040
:101A4000069E0B00010006A30B00010006A80B0078
:101A5000020006AE0B000B0009BE0B0001000BC01C
:101A60000B00000009C10B00010009C60B000200B9
:101A700009CA0B0002000BCD0B00000006D00B00C2
:101A8000000009D70B0000000CE60B0009000EF067
:101A90000B00020019F30B00050016F90B00000003
:101AA00019FA0B0000000B000C00000009010C00EB
:101AB00002000B040C00000006050C000700060ED7
:101AC0000C00020006120C001600062A0C000F0083
:101AD0000B3C0C000000063D0C0000000B3E0C000F
:101AE000020009410C0003000B460C0002000B4AE7
:101AF0000C0003000B550C00010006580C000200FE
:101B0000065D0C00000006600C0001000B620C007A
:101B100001000C660C00090014770C0000000E7820
:101B20000C000600197F0C00000006800C0000006D
:101B30000B810C00000009820C00010014840C00D1
:101B4000000006850C000700068E0C0002000692BD
:101B50000C00160006AA0C00090006B50C000400D3
:101B60000BBC0C00000006BD0C00000009BE0C0000
:101B700000000BBF0C00000009C00C0004000BC6E5
:101B80000C00000009C70C00010009CA0C0001008C
:101B90000BCC0C00010009D50C00010006DD0C0087
:101BA000010006E00C0001000BE20C0001000CE655
:101BB0000C00090006F10C0001000B000D000100F3
:101BC00009020D00010006040D000800060E0D00BC
:101BD000020006120D0028000B3B0D000100063D1F
:101BE0000D000000093E0D0002000B410D00030036
:101BF00009460D000200094A0D0002000B4D0D00C0
:101C00000000064E0D000000194F0D0000000654A4
:101C10000D00020009570D0000000E580D000600CF
:101C2000065F0D0002000B620D0001000C660D0046
:101C300009000E700D00080019790D000000067AE9
:101C40000D0005000B810D00000009820D00010050
:101C500006850D001100069A0D00170006B30D0051
:101C6000080006BD0D00000006C00D0006000BCAEE
:101C70000D00000009CF0D0002000BD20D00020084
:101C80000BD60D00000009D80D0007000CE60D0072
:101C9000090009F20D00010014F40D000000060116
:101CA0000E002F000B310E00000006320E00010066
:101CB0000B340E000600163F0E00000006400E001A
:101CC000050005460E0000000B470E000700144FEC
:101CD0000E0000000C500E000900145A0E00010006
:101CE00006810E00010006840E00000006860E002C
:101CF0000400068C0E00170006A50E00000006A7C3
:101D00000E0009000BB10E00000006B20E0001002B
:101D10000BB40E00080006BD0E00000006C00E0049
:101D2000040005C60E0000000BC80E0005000CD014
:101D30000E00090006DC0E00030006000F00000084
:101D400019010F00020014040F000E0019130F00F8
:101D5000000014140F00000019150F0002000B18EA
:101D60000F000100191A0F0005000C200F000900D8
:101D70000E2A0F00090019340F0000000B350F0068
:101D8000000019360F0000000B370F000000193853
:101D90000F0000000B390F000000153A0F00000083
:101DA000113B0F000000153C0F000000113D0F001B
:101DB0000000093E0F00010006400F000700064921
:101DC0000F0023000B710F000D00097F0F000000B2
:101DD0000B800F00040014850F0000000B860F001D
:101DE000010006880F0004000B8D0F000A000B99FC
:101DF0000F00230019BE0F0007000BC60F000000E4
:101E000019C70F00050019CE0F00010014D00F00F4
:101E1000040019D50F00030014D90F0001000600BB
:101E200010002A00092B100001000B2D10000300E8
:101E30000931100000000B321000050009381000B5
:101E400000000B3910000100093B100001000B3DA0
:101E500010000100063F100000000C4010000900B7
:101E6000144A100005000650100005000956100025
:101E700001000B5810000100065A100003000B5E11
:101E8000100002000661100000000962100002004C
:101E9000066510000100096710000600066E1000BC
:101EA00002000B7110000300067510000C000B827D
:101EB000100000000983100001000B8510000100D4
:101EC0000987100005000B8D10000000068E100021
:101ED0000000098F100000000C9010000900099A02
:101EE000100002000B9D10000000199E1000010060
:101EF00003A01000250003C71000000003CD100050
:101F0000000003D010002A0014FB1000000005FCA4
:101F10001000000003FD100002000600110048013F
:101F2000064A12000300065012000600065812006E
:101F30000000065A12000300066012002800068AFC
:101F40001200030006901200200006B212000300E7
:101F500006B81200060006C01200000006C21200F9
:101F6000030006C812000E0006D812003800061240
:101F7000130003000618130042000B5D130002005B
:101F80001460130008000E6913001300068013008C
:101F90000F0019901300090003A01300550003F867
:101FA00013000500100014000000060114006B026D
:101FB000196D16000000146E16000000066F160062
:101FC00010001C8016000000068116001900159BE9
:101FD00016000000119C1600000006A016004A0022
:101FE00014EB160002000DEE1600020006F11600BA
:101FF00007000600170011000B1217000200091558
:1020000017000000061F170012000B321700010016
:1020100009341700000014351700010006401700AE
:1020200011000B5217000100066017000C00066E2D
:10203000170002000B721700010006801700330022
:102040000BB41700010009B6170000000BB717000A
:10205000060009BE170007000BC61700000009C7DD
:10206000170001000BC917000A0014D41700020062
:1020700005D71700000014D81700020016DB170060
:10208000000006DC170000000BDD170000000CE06C
:10209000170009000EF017000900140018000500D1
:1020A0001006180000001407180003000B0B18009E
:1020B0000200010E180000000B0F180000000C10A9
:1020C000180009000620180022000543180000002F
:1020D0000644180034000680180004000B85180020
:1020E00001000687180021000BA91800000006AAAD
:1020F0001800000006B018004500060019001E0078
:102100000B20190002000923190003000B271900F6
:1021100001000929190002000930190001000B32E1
:10212000190000000933190005000B3919000200DD
:102130001940190000001444190001000C46190050
:102140000900065019001D000670190004000680E1
:1021500019002B0006B0190019000CD01900090055
:102160000EDA1900000019DE1900210006001A001D
:1021700016000B171A00010009191A0001000B1BA9
:102180001A000000141E1A00010006201A00340074
:1021900009551A0000000B561A00000009571A00D2
:1021A00000000B581A0006000B601A0000000961BD
:1021B0001A0000000B621A00000009631A000100F7
:1021C0000B651A000700096D1A0005000B731A0051
:1021D00009000B7F1A0000000C801A0009000C9007
:1021E0001A00090014A01A00060005A71A00000032
:1021F00014A81A0005000BB01A000D000ABE1A0040
:1022000000000BBF1A000F000B001B0003000904A5
:102210001B00000006051B002E000B341B000000F5
:1022200009351B0000000B361B000400093B1B0096
:1022300000000B3C1B000000093D1B0004000B428A
:102240001B00000009431B00010006451B0007009E
:102250000C501B000900145A1B00060019611B00DA
:1022600009000B6B1B00080019741B000800147D8B
:102270001B0001000B801B00010009821B000000F5
:1022800006831B001D0009A11B0000000BA21B0000
:10229000030009A61B0001000BA81B00010009AAEE
:1022A0001B0000000BAB1B00020006AE1B00010070
:1022B0000CB01B00090006BA1B002B000BE61B002C
:1022C000000009E71B0000000BE81B00010009EA01
:1022D0001B0002000BED1B00000009EE1B000000BC
:1022E0000BEF1B00020009F21B00010014FC1B0095
:1022F000030006001C00230009241C0007000B2C0F
:102300001C00070009341C0001000B361C000100F2
:10231000143B1C0004000C401C000900064D1C006E
:1023200002000C501C000900065A1C001D00057814
:102330001C000500147E1C00010003801C00080026
:1023400003901C002A0003BD1C00020014C01C00E6
:1023500007000BD01C00020014D31C0000000BD49B
:102360001C000C0009E11C0000000BE21C00060030
:1023700006E91C0003000BED1C00000006EE1C002B
:1023800005000BF41C00000006F51C00010009F715
:102390001C0000000BF81C00010006FA1C000000E5
:1023A00004001D002B00052C1D003E00046B1D00C9
:1023B0000C0005781D00000003791D000000047A60
:1023C0001D000200037D1D000000047E1D000F00A3
:1023D000038E1D000000048F1D000B00059B1D00D7
:1023E00024000BC01D003F0003001E009500049652
:1023F0001E000400039B1E000000049C1E00010040
:10240000039E1E000000049F1E00000003A01E008B
:10241000750003181F00050003201F002500034856
:102420001F00050004501F00000003511F000000A2
:1024300004521F00000003531F00000004541F003B
:10244000000003551F00000004561F000000035742
:102450001F00000003591F000000035B1F00000065
:10246000035D1F000000035F1F001E0003801F00AC
:10247000070007881F00070003901F000700079848
:102480001F00070003A01F00070007A81F00070088
:1024900003B01F00010004B21F00000003B31F00BF
:1024A000000004B41F00000004B61F00010003B8C0
:1024B0001F00030007BC1F00000017BD1F00000025
:1024C00003BE1F00000017BF1F00020004C21F0050
:1024D000000003C31F00000004C41F00000004C666
:1024E0001F00010003C81F00030007CC1F000000ED
:1024F00017CD1F00020003D01F00010004D21F00EF
:10250000010004D61F00010003D81F00030017DDDF
:102510001F00020003E01F00010004E21F00020090
:1025200003E51F00000004E61F00010003E81F0090
:10253000040017ED1F00020004F21F00000003F367
:102540001F00000004F41F00000004F61F0001003B
:1025500003F81F00030007FC1F00000017FD1F0009
:1025600001001C0020000A00010B200004001010D4
:1025700020000500141620000100131820000000A0
:10258000121920000000151A20000000131B200063
:102590000100121D20000000151E20000000131F66
:1025A000200000001420200007001A28200000004E
:1025B0001B2920000000012A200004001C2F2000FD
:1025C0000000143020000800133920000000123AE7
:1025D00020000000143B200003000F3F20000100FA
:1025E000144120000200184420000000154520007E
:1025F0000000114620000000144720000A00185275
:10260000200000001453200000000F5420000000A0
:102610001455200009001C5F20000000016020000C
:1026200004000166200009000E7020000000057102
:10263000200000000E7420000500187A200002001F
:10264000157D20000000117E20000000057F200085
:1026500000000E8020000900188A20000200158D5D
:1026600020000000118E20000000059020000C00CA
:1026700016A0200020000BD020000C000ADD200056
:1026800003000BE1200000000AE2200002000BE53D
:1026900020000B00190021000100080221000000A9
:1026A0001903210003000807210000001908210078
:1026B0000100040A21000000080B21000200040EA2
:1026C0002100010008102100020004132100000075
:1026D000191421000000081521000000191621001E
:1026E0000100181821000000081921000400191E1B
:1026F0002100050008242100000019252100000008
:1027000003262100000019272100000008282100CD
:102710000000192921000000032A21000100082CD3
:1027200021000100192E21000000042F21000000CB
:10273000083021000100033221000000083321008D
:102740000000043421000000063521000300043994
:1027500021000000193A21000100043C2100010081
:10276000083E210001001840210004000845210016
:102770000000044621000300194A21000000184B04
:1027800021000000194C21000100034E210000002F
:10279000194F210000000E5021000F000D60210094
:1027A00022000383210001000D85210003000E8912
:1027B00021000000198A2100010018902100040066
:1027C000199521000400189A21000100199C21008C
:1027D000030018A02100000019A12100010018A386
:1027E0002100000019A42100010018A6210000000A
:1027F00019A72100060018AE2100000019AF210022
:102800001E0018CE2100010019D02100010018D2AD
:102810002100000019D32100000018D4210000007D
:1028200019D521001E0018F421000B011900230006
:102830000700150823000000110923000000150AF5
:1028400023000000110B23000000190C23001300CB
:102850001820230001001922230006001529230057
:102860000000112A23000000192B23005000187CBF
:1028700023000000197D23001D00189B2300180071
:1028800019B42300270018DC2300050019E22300F7
:102890004400194024000A000E6024003B00199CEB
:1028A00024004D000EEA2400150019002500B60092
:1028B00018B72500000019B82500080018C1250028
:1028C000000019C22500350018F82500070019007E
:1028D00026006E00186F2600000019702600F70011
:1028E000156827000000116927000000156A2700FD
:1028F0000000116B27000000156C27000000116D0F
:1029000027000000156E27000000116F270000004F
:1029100015702700000011712700000015722700B4
:1029200000001173270000001574270000001175C6
:10293000270000000E7627001D00199427002B00A9
:1029400018C02700040015C52700000011C6270085
:10295000000018C727001E0015E62700000011E739
:102960002700000015E82700000011E927000000FB
:1029700015EA2700000011EB2700000015EC2700E6
:10298000000011ED2700000015EE2700000011EFF8
:102990002700000018F027000F0019002800FF0092
:1029A00018002900820015832900000011842900E5
:1029B00000001585290000001186290000001587F8
:1029C0002900000011882900000015892900000055
:1029D000118A29000000158B29000000118C2900A4
:1029E0000000158D29000000118E29000000158FB0
:1029F0002900000011902900000015912900000015
:102A0000119229000000159329000000119429005B
:102A10000000159529000000119629000000159767
:102A200029000000119829000000189929003E0093
:102A300015D82900000011D92900000015DA290055
:102A4000000011DB2900000018DC29001F0015FC24
:102A50002900000011FD2900000018FE29000101D5
:102A600019002B002F0018302B00140019452B00E3
:102A7000010018472B000500194D2B002600197680
:102A80002B001F0019972B00680003002C0070001A
:102A900004712C00000003722C00010004742C004F
:102AA000000003752C00010004772C000400057C55
:102AB0002C000100037E2C00650004E42C000000C3
:102AC00019E52C00050003EB2C0003000BEF2C0094
:102AD000020003F22C00010014F92C0003000EFD8B
:102AE0002C00000014FE2C00010003002D00250026
:102AF00003272D000000032D2D00000006302D00BF
:102B00003700056F2D00000014702D0000000B7FB2
:102B10002D00000006802D00160006A02D000600E6
:102B200006A82D00060006B02D00060006B82D00F0
:102B3000060006C02D00060006C82D00060006D0BF
:102B40002D00060006D82D0006000BE02D001F000A
:102B500014002E00010013022E00000012032E00AC
:102B6000000013042E00000012052E0000001406C1
:102B70002E00020013092E000000120A2E00000091
:102B8000140B2E000000130C2E000000120D2E005E
:102B90000000140E2E00080010172E00000014185C
:102BA0002E000100101A2E000000141B2E00000041
:102BB000131C2E000000121D2E000000141E2E00FB
:102BC000010013202E00000012212E00000015220B
:102BD0002E00000011232E00000015242E000000FE
:102BE00011252E00000015262E00000011272E00B2
:102BF000000015282E00000011292E000000142AC4
:102C00002E000400052F2E00000014302E000900B5
:102C1000103A2E000100143C2E00030010402E003C
:102C2000000014412E00000015422E000000144345
:102C30002E000C0019502E00010014522E0002002C
:102C400015552E00000011562E00000015572E00BD
:102C5000000011582E00000015592E000000115AD6
:102C60002E000000155B2E000000115C2E000000FD
:102C7000105D2E00000019802E001900199B2E00F7
:102C8000580019002F00D50019F02F000B001C0070
:102C90003000000014013000020019043000000070
:102CA0000505300000000606300000000D0730006A
:102CB0000000150830000000110930000000150A5E
:102CC00030000000110B30000000150C3000000037
:102CD000110D30000000150E30000000110F300003
:102CE0000000151030000000111130000000191212
:102CF00030000100151430000000111530000000F4
:102D000015163000000011173000000015183000B3
:102D10000000111930000000151A30000000111BCE
:102D200030000000101C30000000151D30000000B5
:102D3000111E300001001920300000000D2130006C
:102D400008000B2A30000300092E3000010010306B
:102D50003000000005313000040019363000010059
:102D60000D3830000200053B30000000063C30000A
:102D70000000143D30000000193E30000100064103
:102D8000300055000B9930000100179B3000010006
:102D9000059D30000100069F3000000010A03000AB
:102DA000000006A13000590014FB3000000005FCB3
:102DB0003000020006FF30000000060531002A0046
:102DC000063131005D001990310001000E92310092
:102DD000030019963100090006A031001F0019C038
:102DE0003100230006F031000F00190032001E00F0
:102DF0000E2032000900192A32001D000E48320050
:102E000007001950320000000E5132000E00196008
:102E100032001F000E8032000900198A320026009D
:102E20000EB132000E0019C032003F01060034001E
:102E3000BF1919C04D003F0006004E001452051581
:102E4000A00000000616A00076041990A400360029
:102E500006D0A400270005F8A400050014FEA40075
:102E600001000600A5000B01050CA6000000140DD2
:102E7000A60002000610A6000F000C20A600090004
:102E8000062AA60001000340A6002D00066EA6003B
:102E900000000B6FA60000000A70A6000200147369
:102EA000A60000000B74A6000900147EA600000016
:102EB000057FA60000000380A6001B00059CA6005D
:102EC00001000B9EA600010006A0A60045000DE62D
:102ED000A60009000BF0A600010014F2A6000500F0
:102EE0001700A70016000517A70008001720A70065
:102EF00001000322A7000D000430A70001000332E7
:102F0000A7003D000570A70000000471A70007009E
:102F10000379A7000E000588A70000001789A70005
:102F20000100038BA7000200048EA7000000068F9B
:102F3000A70000000390A70004000495A70000006C
:102F40000396A700180004AFA700000003B0A70075
:102F50001A0003D0A700010004D3A700000004D585
:102F6000A700000003D6A700030005F2A700020097
:102F700003F5A700010006F7A700000005F8A70069
:102F8000010004FAA700000006FBA70006000B02E0
:102F9000A80000000603A80002000B06A80000001D
:102FA0000607A80003000B0BA8000000060CA800F1
:102FB00016000923A80001000B25A800010009271D
:102FC000A80000001928A80003000B2CA80000008E
:102FD0000E30A80005001936A80001001638A80018
:102FE00000001939A80000000640A800330014743E
:102FF000A80003000980A80001000682A800310093
:1030000009B4A8000F000BC4A800010014CEA8004A
:1030100001000CD0A80009000BE0A800110006F286
:10302000A800050014F8A800020006FBA800000094
:1030300014FCA800000006FDA80001000BFFA8007A
:1030400000000C00A9000900060AA9001B000B26BD
:10305000A9000700142EA90001000630A9001600DF
:103060000B47A9000A000952A9000100145FA9003A
:1030700000000660A9001C000B80A9000200098363
:10308000A90000000684A9002E000BB3A9000000CF
:1030900009B4A90001000BB6A900030009BAA900F0
:1030A00001000BBCA900010009BEA900020014C167
:1030B000A9000C0005CFA90000000CD0A900090050
:1030C00014DEA900010006E0A90004000BE5A90038
:1030D000000005E6A900000006E7A90008000CF0C2
:1030E000A900090006FAA90004000600AA002800A9
:1030F0000B29AA000500092FAA0001000B31AA0024
:1031000001000933AA0001000B35AA0001000640A6
:10311000AA0002000B43AA0000000644AA00070010
:103120000B4CAA000000094DAA0000000C50AA0098
:103130000900145CAA0003000660AA000F000570D5
:10314000AA0000000671AA0005001977AA00020073
:10315000067AAA000000097BAA0000000B7CAA00E6
:103160000000097DAA000000067EAA0031000BB015
:10317000AA00000006B1AA0000000BB2AA000200DB
:1031800006B5AA0001000BB7AA00010006B9AA0003
:1031900004000BBEAA00010006C0AA0000000BC17B
:1031A000AA00000006C2AA00000006DBAA00010077
:1031B00005DDAA00000014DEAA00010006E0AA0056
:1031C0000A0009EBAA0000000BECAA00010009EEBE
:1031D000AA00010014F0AA00010006F2AA000000F3
:1031E00005F3AA00010009F5AA0000000BF6AA00E9
:1031F00000000601AB0005000609AB000500061142
:10320000AB0005000620AB0006000628AB00060058
:103210000430AB0022000353AB0000000454AB00A9
:103220000600175BAB000000055CAB000300046008
:10323000AB0008000569AB000000176AAB00010095
:103240000370AB004F0006C0AB00220009E3AB00E7
:1032500001000BE5AB00000009E6AB0001000BE844
:10326000AB00000009E9AB00010014EBAB0000006B
:1032700009ECAB0000000BEDAB0000000CF0AB0064
:1032800009000600AC00A32B06B0D700160006CB41
:10329000D70030000200D800FF070600F9006D01DA
:1032A0000670FA0069000400FB0006000413FB002E
:1032B0000400061DFB0000000B1EFB000000061FA3
:1032C000FB0009001829FB000000062AFB000C0087
:1032D0000638FB000400063EFB0000000640FB0031
:1032E00001000643FB0001000646FB006B0017B21D
:1032F000FB00100006D3FB006A01113EFD00000038
:10330000153FFD0000001940FD000F000650FD00B4
:103310003F000692FD00350019CFFD00000006F0C9
:10332000FD000B0016FCFD00000019FDFD00020071
:103330000B00FE000F001410FE0006001517FE0023
:1033400000001118FE0000001419FE0000000B2000
:10335000FE000F001430FE0000001031FE000100DE
:103360000F33FE0001001535FE0000001136FE008F
:1033700000001537FE0000001138FE00000015396E
:10338000FE000000113AFE000000153BFE000000A8
:10339000113CFE000000153DFE000000113EFE0045
:1033A0000000153FFE0000001140FE000000154126
:1033B000FE0000001142FE0000001543FE00000068
:1033C0001144FE0000001445FE0001001547FE00F8
:1033D00000001148FE0000001449FE0003000F4DDC
:1033E000FE0002001450FE0002001454FE00030010
:1033F0001058FE0000001559FE000000115AFE0092
:103400000000155BFE000000115CFE000000155D71
:10341000FE000000115EFE000000145FFE000200CE
:103420001862FE0000001063FE0000001864FE0039
:1034300002001468FE0000001669FE000000146A15
:10344000FE0001000670FE0004000676FE00860005
:1034500001FFFE0000001401FF0002001604FF003F
:1034600000001405FF0002001508FF00000011090C
:10347000FF000000140AFF000000180BFF0000000E
:10348000140CFF000000100DFF000000140EFF00E0
:1034900001000C10FF000900141AFF000100181CA5
:1034A000FF000200141FFF0001000321FF001900AC
:1034B000153BFF000000143CFF000000113DFF0021
:1034C0000000173EFF0000000F3FFF000000174004
:1034D000FF0000000341FF001900155BFF00000022
:1034E000185CFF000000115DFF000000185EFF0087
:1034F0000000155FFF0000001160FF000000146174
:10350000FF0000001562FF0000001163FF000000D3
:103510001464FF0001000666FF0009000570FF004B
:1035200000000671FF002C00059EFF00010006A0B0
:10353000FF001E0006C2FF00050006CAFF000500CE
:1035400006D2FF00050006DAFF00020016E0FF00C9
:10355000010018E2FF00000017E3FF00000019E47B
:10356000FF00000016E5FF00010019E8FF00000061
:1035700018E9FF00030019EDFF00010001F9FF0049
:10358000020019FCFF000100060000010B00060DFF
:1035900000011900062800011200063C000101008C
:1035A000063F00010E00065000010D0006800001DC
:1035B0007A001400010102000E0701012C001937E6
:1035C000010108000D40010134000E7501010300E6
:1035D0001979010110000E8A01010100198C010105
:1035E0000200199001010C0019A00101000019D07E
:1035F00001012C000BFD01010000068002011C00EE
:1036000006A0020130000BE0020100000EE1020101
:103610001A00060003011F000E2003010300062DFF
:10362000030113000D4103010000064203010700DE
:103630000D4A030100000650030125000B7603012B
:103640000400068003011D00149F0301000006A072
:103650000301230006C80301070014D00301000082
:103660000DD103010400030004014F0006500401C2
:103670004D000CA00401090003B00401230003D88D
:103680000401230006000501270006300501330070
:10369000146F05010000037005010A00037C050199
:1036A0000E00038C05010600039405010100039739
:1036B00005010A0003A305010E0003B3050106007E
:1036C00003BB0501010006000601360106400701A3
:1036D0001500066007010700058007010500058742
:1036E0000701290005B207010800060008010500CE
:1036F000060808010000060A08012B000637080129
:103700000100063C08010000063F0801160014579E
:10371000080100000E5808010700066008011600A5
:103720001977080101000E790801060006800801DA
:103730001E000EA70801080006E00801120006F4AA
:10374000080101000EFB0801040006000901150034
:103750000E1609010500141F0901000006200901C9
:103760001900143F090100000680090137000EBC52
:103770000901010006BE090101000EC009010F0088
:103780000ED209012D0006000A0100000B010A01FA
:1037900002000B050A0101000B0C0A0103000610D0
:1037A0000A01030006150A01020006190A011C009D
:1037B0000B380A0102000B3F0A0100000E400A010B
:1037C000080014500A01080006600A011C000E7D62
:1037D0000A010100147F0A01000006800A011C0092
:1037E0000E9D0A01020006C00A01070019C80A015D
:1037F000000006C90A011B000BE50A0101000EEBDF
:103800000A01040014F00A01060006000B0135004D
:1038100014390B01060006400B0115000E580B0170
:10382000070006600B0112000E780B0107000680EE
:103830000B01110014990B0103000EA90B010600E6
:1038400006000C01480003800C01320003C00C018B
:1038500032000EFA0C01050006000D0123000B24B6
:103860000D0103000C300D0109000E600E011E0059
:1038700006800E0129000BAB0E01010010AD0E01F8
:10388000000006B00E01010006000F011C000E1D15
:103890000F01090006270F01000006300F01150077
:1038A0000B460F010A000E510F01030014550F01C2
:1038B000040006700F0111000B820F010300148633
:1038C0000F01030006B00F0114000EC50F01060022
:1038D00006E00F0116000900100100000B011001A5
:1038E00000000902100100000603100134000B382B
:1038F00010010E001447100106000E5210011300B3
:103900000C66100109000B70100100000671100117
:1039100001000B73100101000675100100000B7F00
:1039200010010200098210010000068310012C0022
:1039300009B0100102000BB31001030009B7100118
:1039400001000BB91001010014BB1001010001BD01
:103950001001000014BE100103000BC21001000092
:1039600001CD1001000006D0100118000CF010016C
:1039700009000B00110102000603110123000B27AF
:1039800011010400092C110100000B2D1101070089
:103990000C36110109001440110103000644110105
:1039A0000000094511010100064711010000065001
:1039B000110122000B7311010000147411010100A8
:1039C0000676110100000B8011010100098211012E
:1039D0000000068311012F0009B3110102000BB68C
:1039E0001101080009BF1101010006C11101030006
:1039F00014C5110103000BC91101030014CD1101FD
:103A0000000009CE110100000BCF110100000CD005
:103A10001101090006DA1101000014DB1101000098
:103A200006DC1101000014DD110102000EE111019C
:103A30001300060012011100061312011800092CD0
:103A4000120102000B2F12010200093212010100C3
:103A50000B34120100000935120100000B3612016F
:103A600001001438120105000B3E1201000006800F
:103A700012010600068812010000068A12010300E6
:103A8000068F12010E00069F1201090014A91201EF
:103A9000000006B012012E000BDF1201000009E049
:103AA000120102000BE3120107000CF012010900E1
:103AB0000B001301010009021301010006051301A7
:103AC0000700060F13010100061313011500062A53
:103AD000130106000632130101000635130104002C
:103AE0000B3B13010100063D13010000093E1301C9
:103AF00001000B40130100000941130103000947B5
:103B000013010100094B13010200065013010000CC
:103B1000095713010000065D130104000962130137
:103B200001000B66130106000B7013010400060070
:103B3000140134000935140102000B381401070088
:103B40000940140101000B4214010200094514014F
:103B500000000B4614010000064714010300144B3B
:103B6000140104000C5014010900145A140101003E
:103B7000145D140100000B5E14010000065F1401C7
:103B80000200068014012F0009B0140102000BB3DB
:103B90001401050009B9140100000BBA140100005A
:103BA00009BB140103000BBF1401010009C114017A
:103BB00000000BC21401010006C41401010014C668
:103BC0001401000006C7140100000CD01401090004
:103BD000068015012E0009AF150102000BB2150178
:103BE000030009B8150103000BBC1501010009BE53
:103BF000150100000BBF1501010014C115011600CD
:103C000006D8150103000BDC1501010006001601A2
:103C10002F000930160102000B3316010700093B83
:103C2000160101000B3D16010000093E16010000BF
:103C30000B3F160101001441160102000644160153
:103C400000000C5016010900146016010C000680DB
:103C500016012A000BAB1601000009AC160100008A
:103C60000BAD1601000009AE160101000BB01601E4
:103C7000050009B6160100000BB71601000006B8D2
:103C80001601000014B9160100000CC0160109004D
:103C9000060017011A000B1D170102000920170169
:103CA00001000B22170103000926170100000B2752
:103CB000170104000C30170109000E3A170101002A
:103CC000143C17010200193F1701000006401701BC
:103CD0000600060018012B00092C180102000B2F0A
:103CE000180108000938180100000B3918010100FB
:103CF000143B1801000003A018013F000CE018015C
:103D000009000EEA1801080006FF1801070006095D
:103D100019010000060C1901070006151901010020
:103D20000618190117000930190105000937190192
:103D300001000B3B19010100093D190100000B3E78
:103D400019010000063F1901000009401901000097
:103D50000641190100000942190100000B43190135
:103D600000001444190102000C501901090006A0BA
:103D70001901070006AA1901260009D1190102003C
:103D80000BD4190103000BDA1901010009DC190138
:103D900003000BE01901000006E11901000014E224
:103DA0001901000006E31901000009E419010000EF
:103DB00006001A0100000B011A010900060B1A0186
:103DC00027000B331A01050009391A010000063AD1
:103DD0001A0100000B3B1A010300143F1A010700EF
:103DE0000B471A01000006501A0100000B511A017E
:103DF000050009571A0101000B591A010200065C5F
:103E00001A012D000B8A1A010C0009971A010000F3
:103E10000B981A010100149A1A010200069D1A015A
:103E20000000149E1A01040006B01A0148000600A2
:103E30001C010800060A1C012400092F1C010000B7
:103E40000B301C0106000B381C010500093E1C014B
:103E500000000B3F1C01000006401C010000144143
:103E60001C0104000C501C0109000E5A1C01120018
:103E700014701C01010006721C011D000B921C0134
:103E8000150009A91C0100000BAA1C01060009B1BC
:103E90001C0100000BB21C01010009B41C01000050
:103EA0000BB51C01010006001D01060006081D01DE
:103EB0000100060B1D0125000B311D0105000B3A09
:103EC0001D0100000B3C1D0101000B3F1D01060000
:103ED00006461D0100000B471D0100000C501D018E
:103EE000090006601D01050006671D010100066A44
:103EF0001D011F00098A1D0104000B901D01010016
:103F000009931D0101000B951D01000009961D017B
:103F100000000B971D01000006981D0100000CA079
:103F20001D01090006E01E0112000BF31E01010035
:103F300009F51E01010014F71E01010006B01F0162
:103F400000000EC01F01140019D51F01070016DD67
:103F50001F01030019E11F01100014FF1F010000E1
:103F60000600200199030D0024016E001470240145
:103F7000040006802401C30006902F01600014F1A4
:103F80002F010100060030012E0401303401080029
:103F900006004401460206006801380206406A0134
:103FA0001E000C606A010900146E6A0101000670AF
:103FB0006A014E000CC06A01090006D06A011D00AA
:103FC0000BF06A01040014F56A01000006006B01A1
:103FD0002F000B306B01060014376B010400193CF5
:103FE0006B01030005406B01030014446B010000EA
:103FF00019456B0100000C506B0109000E5B6B0151
:10400000060006636B011400067D6B01120003407D
:104010006E013F000E806E01160014976E010300C2
:1040200006006F014A000B4F6F01000006506F0140
:10403000000009516F0136000B8F6F0103000593DB
:104040006F010C0005E06F01010014E26F01000038
:1040500005E36F0100000BE46F01000009F06F0140
:10406000010006007001F71706008801D50406005C
:104070008D01080005F0AF01030005F5AF01060052
:1040800005FDAF0101000600B00122010650B1019B
:1040900002000664B10103000670B1018B01060045
:1040A000BC016A000670BC010C000680BC0108005F
:1040B0000690BC010900199CBC0100000B9DBC01CD
:1040C0000100149FBC01000001A0BC0103000B0013
:1040D000CF012D000B30CF0116001950CF01730016
:1040E0001900D001F5001900D10126001929D101CC
:1040F0003B000965D10101000B67D1010200196A7B
:10410000D1010200096DD10105000173D101070041
:104110000B7BD10107001983D10101000B85D1016F
:104120000600198CD1011D000BAAD101030019AEA4
:10413000D1013C001900D20141000B42D201020022
:104140001945D20100000EE0D20113001900D3017D
:1041500056000E60D30118000800D4011900041A9B
:10416000D40119000834D4011900044ED40106000A
:104170000456D40111000868D40119000482D40146
:104180001900089CD4010000089ED401010008A277
:10419000D401000008A5D401010008A9D40103003E
:1041A00008AED401070004B6D401030004BBD40157
:1041B000000004BDD401060004C5D4010A0008D0E3
:1041C000D401190004EAD40119000804D501010042
:1041D0000807D5010300080DD50107000816D50111
:1041E0000600041ED50119000838D5010100083B5E
:1041F000D50103000840D50104000846D5010000A0
:10420000084AD50106000452D5011900086CD501F1
:1042100019000486D501190008A0D501190004BAB7
:10422000D501190008D4D501190004EED5011900F3
:104230000808D60119000422D6011900083CD6014D
:1042400019000456D60119000870D6011900048A15
:10425000D6011B0008A8D601180018C1D60100001D
:1042600004C2D601180018DBD601000004DCD60118
:10427000050008E2D601180018FBD601000004FC76
:10428000D60118001815D70100000416D701050043
:10429000081CD70118001835D70100000436D701D3
:1042A0001800184FD70100000450D7010500085628
:1042B000D7011800186FD70100000470D70118004B
:1042C0001889D7010000048AD70105000890D7019A
:1042D000180018A9D701000004AAD701180018C3B4
:1042E000D701000004C4D701050008CAD7010000A7
:1042F00004CBD70100000CCED70131001900D80142
:10430000FF010B00DA0136001937DA0103000B3B1D
:10431000DA013100196DDA0107000B75DA010000CE
:104320001976DA010D000B84DA0100001985DA0133
:1043300001001487DA0104000B9BDA0104000BA1D1
:10434000DA010E000400DF010900060ADF010000A7
:10435000040BDF0113000B00E00106000B08E00175
:1043600010000B1BE00106000B23E00101000B26EF
:10437000E00104000600E1012C000B30E101060021
:104380000537E10106000C40E1010900064EE1019C
:104390000000194FE10100000690E2011D000BAE84
:1043A000E201000006C0E2012B000BECE201030079
:1043B0000CF0E201090016FFE201000006E0E7014F
:1043C000060006E8E701030006EDE701010006F03C
:1043D000E7010E000600E801C4000EC7E80108006E
:1043E0000BD0E80106000300E90143000B44E9019A
:1043F0000600054BE90100000C50E9010900145EBC
:10440000E90101000E71EC013A0019ACEC01000069
:104410000EADEC01020016B0EC0100000EB1EC0193
:1044200003000E01ED012C00192EED0100000E2FEE
:10443000ED010E000600EE0103000605EE011A0074
:104440000621EE0101000624EE0100000627EE0120
:1044500000000629EE0109000634EE0103000639CA
:10446000EE010000063BEE0100000642EE010000F6
:104470000647EE0100000649EE010000064BEE0182
:104480000000064DEE0102000651EE010100065447
:10449000EE0100000657EE0100000659EE01000093
:1044A000065BEE010000065DEE010000065FEE0116
:1044B00000000661EE0101000664EE0100000667DF
:1044C000EE010300066CEE0106000674EE01030027
:1044D0000679EE010300067EEE0100000680EE0183
:1044E0000900068BEE01100006A1EE01020006A5F0
:1044F000EE01040006ABEE01100018F0EE01010021
:104500001900F0012B001930F001630019A0F0012F
:104510000E0019B1F0010E0019C1F0010E0019D101
:10452000F00124000E00F1010C00190DF101A000B2
:1045300019E6F1011C001910F2012B001940F201DB
:1045400008001950F20101001960F201050019007C
:10455000F301FA0017FBF30104001900F401D7027C
:1045600019DDF6010F0019F0F6010C001900F70132
:1045700073001980F701580019E0F7010B0019F0DA
:10458000F70100001900F8010B001910F8013700BD
:104590001950F80109001960F80127001990F80175
:1045A0001D0019B0F80101001900F901530119604B
:1045B000FA010D001970FA0104001978FA010400DB
:1045C0001980FA0106001990FA011C0019B0FA01CD
:1045D0000A0019C0FA01050019D0FA01090019E012
:1045E000FA01070019F0FA0106001900FB01920018
:1045F0001994FB0136000CF0FB01090006000002D3
:10460000DFA60600A70238100640B702DD0006202C
:10461000B802811606B0CE02301D0600F8021D0257
:10462000060000034A130101000E00000120000EE5
:104630005F000B00010EEF000C5F104E154E2A4E6E
:10464000314E364E3C4E3F4E424E564E584E824EA6
:10465000854E6B8C8A4E12820D5F8E4E9E4E9F4E03
:10466000A04EA24EB04EB34EB64ECE4ECD4EC44E20
:10467000C64EC24ED74EDE4EED4EDF4EF74E094FC0
:104680005A4F304F5B4F5D4F574F474F764F884FD4
:104690008F4F984F7B4F694F704F914F6F4F864FA1
:1046A000964F1851D44FDF4FCE4FD84FDB4FD14FDD
:1046B000DA4FD04FE44FE54F1A50285014502A508B
:1046C000255005501C4FF64F215029502C50FE4FBD
:1046D000EF4F11500650435047500367555050500C
:1046E00048505A5056506C50785080509A508550CF
:1046F000B450B250C950CA50B350C250D650DE5018
:10470000E550ED50E350EE50F950F550095101518C
:1047100002511651155114511A5121513A51375124
:104720003C513B513F51405152514C5154516251B7
:10473000F87A69516A516E5180518251D8568C5124
:1047400089518F519151935195519651A451A65130
:10475000A251A951AA51AB51B351B151B251B0516B
:10476000B551BD51C551C951DB51E0515586E95193
:10477000ED51F051F551FE5104520B5214520E52AC
:1047800027522A522E52335239524F5244524B52D0
:104790004C525E5254526A527452695273527F5252
:1047A0007D528D5294529252715288529152A88FDA
:1047B000A78FAC52AD52BC52B552C152CD52D75256
:1047C000DE52E352E652ED98E052F352F552F852BF
:1047D000F9520653085338750D5310530F531553A0
:1047E0001A5323532F5331533353385340534653A3
:1047F0004553174E49534D53D6515E5369536E532B
:1048000018597B53775382539653A053A653A553FD
:10481000AE53B053B653C353127CD996DF53FC66E4
:10482000EE71EE53E853ED53FA5301543D544054A6
:104830002C542D543C542E54365429541D544E544B
:104840008F5475548E545F547154775470549254ED
:104850007B5480547654845490548654C754A25444
:10486000B854A554AC54C454C854A854AB54C254FE
:10487000A454BE54BC54D854E554E6540F551455B2
:10488000FD54EE54ED54FA54E254395540556355F5
:104890004C552E555C55455556555755385533553D
:1048A0005D5599558055AF548A559F557B557E551A
:1048B00098559E55AE557C558355A9558755A85595
:1048C000DA55C555DF55C455DC55E455D455145655
:1048D000F7551656FE55FD551B56F9554E56505672
:1048E000DF7134563656325638566B5664562F564C
:1048F0006C566A56865680568A56A05694568F56DF
:10490000A556AE56B656B456C256BC56C156C35638
:10491000C056C856CE56D156D356D756EE56F9562F
:104920000057FF560457095708570B570D57135791
:1049300018571657C7551C572657375738574E57CD
:104940003B5740574F576957C057885761577F5754
:1049500089579357A057B357A457AA57B057C3576F
:10496000C657D457D257D3570A58D657E3570B5880
:1049700019581D587258215862584B587058C06BBE
:1049800052583D5879588558B9589F58AB58BA581D
:10499000DE58BB58B858AE58C558D358D158D75818
:1049A000D958D858E558DC58E458DF58EF58FA5829
:1049B000F958FB58FC58FD5802590A5910591B590F
:1049C000A66825592C592D59325938593E59D27A51
:1049D000555950594E595A59585962596059675941
:1049E0006C596959785981599D595E4FAB4FA359FC
:1049F000B259C659E859DC598D59D959DA59255A4D
:104A00001F5A115A1C5A095A1A5A405A6C5A495A72
:104A1000355A365A625A6A5A9A5ABC5ABE5ACB5AB0
:104A2000C25ABD5AE35AD75AE65AE95AD65AFA5ADE
:104A3000FB5A0C5B0B5B165B325BD05A2A5B365B16
:104A40003E5B435B455B405B515B555B5A5B5B5B2D
:104A5000655B695B705B735B755B785B88657A5BD4
:104A6000805B835BA65BB85BC35BC75BC95BD45BE6
:104A7000D05BE45BE65BE25BDE5BE55BEB5BF05B44
:104A8000F65BF35B055C075C085C0D5C135C205C0B
:104A9000225C285C385C395C415C465C4E5C535C53
:104AA000505C4F5C715B6C5C6E5C624E765C795CFA
:104AB0008C5C915C945C9B59AB5CBB5CB65CBC5CF5
:104AC000B75CC55CBE5CC75CD95CE95CFD5CFA5C4C
:104AD000ED5C8C5DEA5C0B5D155D175D5C5D1F5DDB
:104AE0001B5D115D145D225D1A5D195D185D4C5DE5
:104AF000525D4E5D4B5D6C5D735D765D875D845D83
:104B0000825DA25D9D5DAC5DAE5DBD5D905DB75D9E
:104B1000BC5DC95DCD5DD35DD25DD65DDB5DEB5D1A
:104B2000F25DF55D0B5E1A5E195E115E1B5E365E10
:104B3000375E445E435E405E4E5E575E545E5F5E2F
:104B4000625E645E475E755E765E7A5EBC9E7F5E88
:104B5000A05EC15EC25EC85ED05ECF5ED65EE35E22
:104B6000DD5EDA5EDB5EE25EE15EE85EE95EEC5E43
:104B7000F15EF35EF05EF45EF85EFE5E035F095F79
:104B80005D5F5C5F0B5F115F165F295F2D5F385FB4
:104B9000415F485F4C5F4E5F2F5F515F565F575FCD
:104BA000595F615F6D5F735F775F835F825F7F5F78
:104BB0008A5F885F915F875F9E5F995F985FA05F64
:104BC000A85FAD5FBC5FD65FFB5FE45FF85FF15F3E
:104BD000DD5FB360FF5F2160606019601060296075
:104BE0000E6031601B6015602B6026600F603A60BC
:104BF0005A6041606A6077605F604A6046604D60FD
:104C000063604360646042606C606B6059608160A7
:104C10008D60E76083609A6084609B6096609760B7
:104C20009260A7608B60E160B860E060D360B460C0
:104C3000F05FBD60C660B560D8604D61156106610A
:104C4000F660F7600061F460FA6003612161FB6067
:104C5000F1600D610E6147613E61286127614A6123
:104C60003F613C612C6134613D614261446173612B
:104C70007761586159615A616B6174616F616561F7
:104C800071615F615D615361756199619661876171
:104C9000AC6194619A618A619161AB61AE61CC61F2
:104CA000CA61C961F761C861C361C661BA61CB619C
:104CB000797FCD61E661E361F661FA61F461FF61DC
:104CC000FD61FC61FE610062086209620D620C62B6
:104CD00014621B621E6221622A622E62306232629C
:104CE000336241624E625E6263625B62606268620E
:104CF0007C62826289627E62926293629662D46210
:104D000083629462D762D162BB62CF62FF62C66285
:104D1000D464C862DC62CC62CA62C262C7629B624F
:104D2000C9620C63EE62F162276302630863EF629B
:104D3000F56250633E634D631C644F6396638E63FC
:104D40008063AB637663A3638F6389639F63B5639B
:104D50006B636963BE63E963C063C663E363C9638E
:104D6000D263F663C4631664346406641364266411
:104D700036641D65176428640F6467646F64766425
:104D80004E642A6595649364A564A9648864BC64D0
:104D9000DA64D264C564C764BB64D864C264F16475
:104DA000E7640982E064E164AC62E364EF642C656B
:104DB000F664F464F264FA640065FD6418651C65C9
:104DC0000565246523652B6534653565376536656E
:104DD00038654B754865566555654D6558655E6522
:104DE0005D6572657865826583658A8B9B659F6565
:104DF000AB65B765C365C665C165C465CC65D2657D
:104E0000DB65D965E065E165F16572670A66036691
:104E1000FB6573673566366634661C664F664466A6
:104E2000496641665E665D666466676668665F667B
:104E300062667066836688668E6689668466986632
:104E40009D66C166B966C966BE66BC66C466B8665C
:104E5000D666DA66E0663F66E666E966F066F5669F
:104E6000F7660F6716671E672667276738972E67EE
:104E70003F67366741673867376746675E676067D1
:104E800059676367646789677067A9677C676A6742
:104E90008C678B67A667A1678567B767EF67B4679D
:104EA000EC67B367E967B867E467DE67DD67E26709
:104EB000EE67B967CE67C667E7679C6A1E68466893
:104EC000296840684D6832684E68B3682B68596835
:104ED000636877687F689F688F68AD6894689D682D
:104EE0009B688368AE6AB9687468B568A068BA6878
:104EF0000F698D687E680169CA680869D868226987
:104F00002669E1680C69CD68D468E768D5683669B8
:104F100012690469D768E3682569F968E068EF6891
:104F200028692A691A6923692169C66879697769D4
:104F30005C6978696B6954697E696E6939697469FD
:104F40003D695969306961695E695D6981696A694C
:104F5000B269AE69D069BF69C169D369BE69CE69FA
:104F6000E85BCA69DD69BB69C369A7692E6A916993
:104F7000A0699C699569B469DE69E869026A1B6A7F
:104F8000FF690A6BF969F269E769056AB1691E6A26
:104F9000ED69146AEB690A6A126AC16A236A136AC4
:104FA000446A0C6A726A366A786A476A626A596A3F
:104FB000666A486A386A226A906A8D6AA06A846A58
:104FC000A26AA36A976A1786BB6AC36AC26AB86A8A
:104FD000B36AAC6ADE6AD16ADF6AAA6ADA6AEA6A26
:104FE000FB6A056B1686FA6A126B166B319B1F6B98
:104FF000386B376BDC76396BEE98476B436B496BDC
:10500000506B596B546B5B6B5F6B616B786B796B3F
:105010007F6B806B846B836B8D6B986B956B9E6BDA
:10502000A46BAA6BAB6BAF6BB26BB16BB36BB76BB3
:10503000BC6BC66BCB6BD36BDF6BEC6BEB6BF36B4F
:10504000EF6BBE9E086C136C146C1B6C246C236C91
:105050005E6C556C626C6A6C826C8D6C9A6C816C47
:105060009B6C7E6C686C736C926C906CC46CF16C15
:10507000D36CBD6CD76CC56CDD6CAE6CB16CBE6CAA
:10508000BA6CDB6CEF6CD96CEA6C1F6D4D88366DB9
:105090002B6D3D6D386D196D356D336D126D0C6D69
:1050A000636D936D646D5A6D796D596D8E6D956DEF
:1050B000E46F856DF96D156E0A6EB56DC76DE66DA1
:1050C000B86DC66DEC6DDE6DCC6DE86DD26DC56DE5
:1050D000FA6DD96DE46DD56DEA6DEE6D2D6E6E6E67
:1050E0002E6E196E726E5F6E3E6E236E6B6E2B6E41
:1050F000766E4D6E1F6E436E3A6E4E6E246EFF6E70
:105100001D6E386E826EAA6E986EC96EB76ED36EC3
:10511000BD6EAF6EC46EB26ED46ED56E8F6EA56E60
:10512000C26E9F6E416F116F4C70EC6EF86EFE6E2A
:105130003F6FF26E316FEF6E326FCC6E3E6F136F5A
:10514000F76E866F7A6F786F816F806F6F6F5B6FAE
:10515000F36F6D6F826F7C6F586F8E6F916FC26F40
:10516000666FB36FA36FA16FA46FB96FC66FAA6F9D
:10517000DF6FD56FEC6FD46FD86FF16FEE6FDB6FB1
:1051800009700B70FA6F117001700F70FE6F1B7059
:105190001A70746F1D7018701F7030703E7032700E
:1051A0005170637099709270AF70F170AC70B8709C
:1051B000B370AE70DF70CB70DD70D9700971FD70A7
:1051C0001C711971657155718871667162714C71CC
:1051D00056716C718F71FB7184719571A871AC718E
:1051E000D771B971BE71D271C971D471CE71E071CC
:1051F000EC71E771F571FC71F971FF710D7210724C
:105200001B7228722D722C72307232723B723C7299
:105210003F72407246724B72587274727E72827222
:105220008172877292729672A272A772B972B2720A
:10523000C372C672C472CE72D272E272E072E1724E
:10524000F972F7720F5017730A731C7316731D737C
:1052500034732F73297325733E734E734F73D89E27
:1052600057736A7368737073787375737B737A732B
:10527000C873B373CE73BB73C073E573EE73DE7321
:10528000A27405746F742574F87332743A7455748B
:105290003F745F74597441745C746974707463749E
:1052A0006A7476747E748B749E74A774CA74CF7497
:1052B000D474F173E074E374E774E974EE74F27417
:1052C000F074F174F874F7740475037505750C7552
:1052D0000E750D75157513751E7526752C753C7537
:1052E00044754D754A7549755B7546755A7569758E
:1052F000647567756B756D75787576758675877568
:1053000074758A758975827594759A759D75A5757C
:10531000A375C275B375C375B575BD75B875BC7524
:10532000B175CD75CA75D275D975E375DE75FE7523
:10533000FF75FC750176F075FA75F275F3750B76ED
:105340000D7609761F7627762076217622762476CA
:10535000347630763B764776487646765C76587675
:1053600061766276687669766A7667766C7670764C
:105370007276767678767C768076837688768B768B
:105380008E769676937699769A76B076B476B87667
:10539000B976BA76C276CD76D676D276DE76E176F4
:1053A000E576E776EA762F86FB7608770777047747
:1053B000297724771E77257726771B7737773877F5
:1053C00047775A7768776B775B7765777F777E77F4
:1053D00079778E778B779177A0779E77B077B6774E
:1053E000B977BF77BC77BD77BB77C777CD77D777EE
:1053F000DA77DC77E377EE77FC770C78127826792A
:1054000020782A7945788E78747886787C789A78AE
:105410008C78A378B578AA78AF78D178C678CB782D
:10542000D478BE78BC78C578CA78EC78E778DA7832
:10543000FD78F47807791279117919792C792B791B
:105440004079607957795F795A79557953797A79C2
:105450007F798A799D79A7794B9FAA79AE79B379BB
:10546000B979BA79C979D579E779EC79E179E379CC
:10547000087A0D7A187A197A207A1F7A8079317A27
:105480003B7A3E7A377A437A577A497A617A627AF6
:10549000697A9D9F707A797A7D7A887A977A957AF7
:1054A000987A967AA97AC87AB07AB67AC57AC47A9E
:1054B000BF7A8390C77ACA7ACD7ACF7AD57AD37AEF
:1054C000D97ADA7ADD7AE17AE27AE67AED7AF07AF6
:1054D000027B0F7B0A7B067B337B187B197B1E7B51
:1054E000357B287B367B507B7A7B047B4D7B0B7B2B
:1054F0004C7B457B757B657B747B677B707B717BAD
:105500006C7B6E7B9D7B987B9F7B8D7B9C7B9A7B52
:105510008B7B927B8F7B5D7B997BCB7BC17BCC7BB9
:10552000CF7BB47BC67BDD7BE97B117C147CE67B87
:10553000E57B607C007C077C137CF37BF77B177C2E
:105540000D7CF67B237C277C2A7C1F7C377C2B7C84
:105550003D7C4C7C437C547C4F7C407C507C587C14
:105560005F7C647C567C657C6C7C757C837C907CE9
:10557000A47CAD7CA27CAB7CA17CA87CB37CB27CFF
:10558000B17CAE7CB97CBD7CC07CC57CC27CD87C47
:10559000D27CDC7CE27C3B9BEF7CF27CF47CF67C76
:1055A000FA7C067D027D1C7D157D0A7D457D4B7D47
:1055B0002E7D327D3F7D357D467D737D567D4E7DD2
:1055C000727D687D6E7D4F7D637D937D897D5B7D82
:1055D0008F7D7D7D9B7DBA7DAE7DA37DB57DC77DB5
:1055E000BD7DAB7D3D7EA27DAF7DDC7DB87D9F7DA9
:1055F000B07DD87DDD7DE47DDE7DFB7DF27DE17DCE
:10560000057E0A7E237E217E127E317E1F7E097EEC
:105610000B7E227E467E667E3B7E357E397E437ED5
:10562000377E327E3A7E677E5D7E567E5E7E597E16
:105630005A7E797E6A7E697E7C7E7B7E837ED57D86
:105640007D7EAE8F7F7E887E897E8C7E927E907EF0
:10565000937E947E967E8E7E9B7E9C7E387F3A7F64
:10566000457F4C7F4D7F4E7F507F517F557F547FCC
:10567000587F5F7F607F687F697F677F787F827FE9
:10568000867F837F887F877F8C7F947F9E7F9D7FAF
:105690009A7FA37FAF7FB27FB97FAE7FB67FB87F9F
:1056A000718BC57FC67FCA7FD57FD47FE17FE67FC0
:1056B000E97FF37FF97FDC98068004800B801280FD
:1056C000188019801C80218028803F803B804A8080
:1056D0004680528058805A805F80628068807380E4
:1056E00072807080768079807D807F8084808680E3
:1056F00085809B8093809A80AD809051AC80DB80C8
:10570000E580D980DD80C480DA80D6800981EF8091
:10571000F1801B81298123812F814B818B964681CA
:105720003E8153815181FC8071816E8165816681EA
:105730007481838188818A8180818281A081958121
:10574000A481A3815F819381A981B081B581BE814C
:10575000B881BD81C081C281BA81C981CD81D18129
:10576000D981D881C881DA81DF81E081E781FA813E
:10577000FB81FE8101820282058207820A820D82FC
:105780001082168229822B8238823382408259828B
:1057900058825D825A825F826482628268826A82F3
:1057A0006B822E827182778278827E828D82928253
:1057B000AB829F82BB82AC82E182E382DF82D282B3
:1057C000F482F382FA8293830383FB82F982DE827E
:1057D0000683DC820983D98235833483168332833E
:1057E000318340833983508345832F832B831783F1
:1057F000188385839A83AA839F83A28396832383B6
:105800008E8387838A837C83B58373837583A08328
:105810008983A883F4831384EB83CE83FD8303847D
:10582000D8830B84C183F7830784E083F2830D84DC
:1058300022842084BD8338840685FB836D842A847A
:105840003C845A85848477846B84AD846E8482849E
:10585000698446842C846F8479843584CA84628404
:10586000B984BF849F84D984CD84BB84DA84D084F6
:10587000C184C684D684A1842185FF84F4841785DD
:1058800018852C851F8515851485FC8440856385C6
:1058900058854885418502864B8555858085A48538
:1058A000888591858A85A8856D8594859B85EA85FF
:1058B00087859C8577857E859085C985BA85CF85C6
:1058C000B985D085D585DD85E585DC85F9850A86B0
:1058D00013860B86FE85FA85068622861A86308612
:1058E0003F864D86554E54865F86678671869386C1
:1058F000A386A986AA868B868C86B686AF86C48642
:10590000C686B086C9862388AB86D486DE86E986BD
:10591000EC86DF86DB86EF8612870687088700879E
:105920000387FB86118709870D87F9860A873487E5
:105930003F8737873B87258729871A8760875F8757
:1059400078874C874E877487578768876E87598713
:10595000538763876A870588A2879F878287AF8777
:10596000CB87BD87C087D087D696AB87C487B387E0
:10597000C787C687BB87EF87F287E0870F880D88C8
:10598000FE87F687F7870E88D287118816881588D4
:105990002288218831883688398827883B8844883E
:1059A0004288528859885E8862886B8881887E88A0
:1059B0009E8875887D88B588728882889788928845
:1059C000AE889988A2888D88A488B088BF88B1885D
:1059D000C388C488D488D888D988DD88F9880289A2
:1059E000FC88F488E888F28804890C890A8913897C
:1059F00043891E8925892A892B89418944893B89C4
:105A0000368938894C891D8960895E8966896489EF
:105A10006D896A896F89748977897E898389888984
:105A20008A8993899889A189A989A689AC89AF892E
:105A3000B289BA89BD89BF89C089DA89DC89DD89E3
:105A4000E789F489F889038A168A108A0C8A1B8AE6
:105A50001D8A258A368A418A5B8A528A468A488A02
:105A60007C8A6D8A6C8A628A858A828A848AA88AFC
:105A7000A18A918AA58AA68A9A8AA38AC48ACD8A8B
:105A8000C28ADA8AEB8AF38AE78AE48AF18A148B7B
:105A9000E08AE28AF78ADE8ADB8A0C8B078B1A8B14
:105AA000E18A168B108B178B208B338BAB97268B51
:105AB0002B8B3E8B288B418B4C8B4F8B4E8B498B8A
:105AC000568B5B8B5A8B6B8B5F8B6C8B6F8B748B5A
:105AD0007D8B808B8C8B8E8B928B938B968B998B03
:105AE0009A8B3A8C418C3F8C488C4C8C4E8C508CD1
:105AF000558C628C6C8C788C7A8C828C898C858CA1
:105B00008A8C8D8C8E8C948C7C8C988C1D62AD8C48
:105B1000AA8CBD8CB28CB38CAE8CB68CC88CC18C6C
:105B2000E48CE38CDA8CFD8CFA8CFB8C048D058D77
:105B30000A8D078D0F8D0D8D108D4E9F138DCD8C81
:105B4000148D168D678D6D8D718D738D818D998DF1
:105B5000C28DBE8DBA8DCF8DDA8DD68DCC8DDB8D7D
:105B6000CB8DEA8DEB8DDF8DE38DFC8D088E098E5C
:105B7000FF8D1D8E1E8E108E1F8E428E358E308EA6
:105B8000348E4A8E478E498E4C8E508E488E598E5A
:105B9000648E608E2A8E638E558E768E728E7C8E8B
:105BA000818E878E858E848E8B8E8A8E938E918E3B
:105BB000948E998EAA8EA18EAC8EB08EC68EB18E2A
:105BC000BE8EC58EC88ECB8EDB8EE38EFC8EFB8E9A
:105BD000EB8EFE8E0A8F058F158F128F198F138F04
:105BE0001C8F1F8F1B8F0C8F268F338F3B8F398F0E
:105BF000458F428F3E8F4C8F498F468F4E8F578FE8
:105C00005C8F628F638F648F9C8F9F8FA38FAD8F0C
:105C1000AF8FB78FDA8FE58FE28FEA8FEF8F8790A4
:105C2000F48F0590F98FFA8F1190159021900D90B7
:105C30001E9016900B902790369035903990F88FE3
:105C40004F905090519052900E9049903E905690A7
:105C500058905E9068906F907690A896729082901F
:105C60007D90819080908A9089908F90A890AF903D
:105C7000B190B590E290E4904862DB90029112916D
:105C80001991329130914A91569158916391659151
:105C90006991739172918B9189918291A291AB914B
:105CA000AF91AA91B591B491BA91C091C191C991A6
:105CB000CB91D091D691DF91E191DB91FC91F5915F
:105CC000F6911E92FF9114922C92159211925E926F
:105CD0005792459249926492489295923F924B9284
:105CE00050929C92969293929B925A92CF92B99292
:105CF000B792E9920F93FA9244932E9319932293B9
:105D00001A9323933A9335933B935C9360937C93DC
:105D10006E935693B093AC93AD939493B993D693FB
:105D2000D793E893E593D893C393DD93D093C89327
:105D3000E4931A941494139403940794109436944F
:105D40002B94359421943A944194529444945B94C6
:105D5000609462945E946A94299270947594779496
:105D60007D945A947C947E9481947F9482958795B7
:105D70008A959495969598959995A095A895A795A7
:105D8000AD95BC95BB95B995BE95CA95F66FC39573
:105D9000CD95CC95D595D495D695DC95E195E595A1
:105DA000E295219628962E962F9642964C964F96DF
:105DB0004B9677965C965E965D965F966696729623
:105DC0006C968D96989695969796AA96A796B19664
:105DD000B296B096B496B696B896B996CE96CB963D
:105DE000C996CD964D89DC960D97D596F996049770
:105DF0000697089713970E9711970F97169719976D
:105E000024972A97309739973D973E97449746971E
:105E10004897429749975C97609764976697689709
:105E2000D2526B977197799785977C9781977A97DC
:105E300086978B978F9790979C97A897A697A397ED
:105E4000B397B497C397C697C897CB97DC97ED974E
:105E50004F9FF297DF7AF697F5970F980C9838983E
:105E60002498219837983D9846984F984B986B986E
:105E70006F987098719874987398AA98AF98B19821
:105E8000B698C498C398C698E998EB98039909996D
:105E900012991499189921991D991E99249920995C
:105EA0002C992E993D993E99429949994599509935
:105EB0004B99519952994C99559997999899A599B7
:105EC000AD99AE99BC99DF99DB99DD99D899D199B3
:105ED000ED99EE99F199F299FB99F899019A0F9A37
:105EE000059AE299199A2B9A379A459A429A409ABA
:105EF000439A3E9A559A4D9A5B9A579A5F9A629A3C
:105F0000659A649A699A6B9A6A9AAD9AB09ABC9AA1
:105F1000C09ACF9AD19AD39AD49ADE9ADF9AE29A0B
:105F2000E39AE69AEF9AEB9AEE9AF49AF19AF79A34
:105F3000FB9A069B189B1A9B1F9B229B239B259BCE
:105F4000279B289B299B2A9B2E9B2F9B329B449B04
:105F5000439B4F9B4D9B4E9B519B589B749B939B8C
:105F6000839B919B969B979B9F9BA09BA89BB49B7D
:105F7000C09BCA9BB99BC69BCF9BD19BD29BE39BEB
:105F8000E29BE49BD49BE19B3A9CF29BF19BF09BB0
:105F9000159C149C099C139C0C9C069C089C129CB0
:105FA0000A9C049C2E9C1B9C259C249C219C309C20
:105FB000479C329C469C3E9C5A9C609C679C769C6D
:105FC000789CE79CEC9CF09C099D089DEB9C039DB4
:105FD000069D2A9D269DAF9D239D1F9D449D159D39
:105FE000129D419D3F9D3E9D469D489D5D9D5E9DB0
:105FF000649D519D509D599D729D899D879DAB9D2E
:106000006F9D7A9D9A9DA49DA99DB29DC49DC19DA1
:10601000BB9DB89DBA9DC69DCF9DC29DD99DD39D68
:10602000F89DE69DED9DEF9DFD9D1A9E1B9E1E9E7B
:10603000759E799E7D9E819E889E8B9E8C9E929E53
:10604000959E919E9D9EA59EA99EB89EAA9EAD9E40
:106050006197CC9ECE9ECF9ED09ED49EDC9EDE9E2F
:10606000DD9EE09EE59EE89EEF9EF49EF69EF79EE6
:10607000F99EFB9EFC9EFD9E079F089FB776159F8D
:10608000219F2C9F3E9F4A9F529F549F639F5F9FDB
:10609000609F619F669F679F6C9F6A9F779F729FBB
:1060A000769F959F9C9FA09F2F58C76959906474B5
:1060B000DC51997100000042C8801F40B8821F4027
:1060C0000800000000000042C4801F40B4821F404E
:1060D0000400000000C0004224801F4014821F40C2
:1060E0001000000000C0004228801F4018821F409E
:1060F0002000000000C000422C801F401C821F4076
:106100004000000000C0004234801F4024821F4035
:10611000000100000040004264811F4054831F4082
:10612000000400000040004280811F4070831F4037
:1061300000000200004000427C811F406C831F4031
:10614000000001000040004268811F4058831F404A
:1061500000080000004000423C811F402C831F408B
:10616000010000000040004244811F4034831F4072
:10617000040000000040004240811F4030831F4067
:10618000020000000040004248811F4038831F4049
:10619000080000000000004204811F40F4821F40FC
:1061A000000004000000004208811F40F8821F40E8
:1061B000000008000000004218811F4008831F40B3
:1061C000000080000000004214811F4004831F4033
:1061D000000040000000004200811F40F0821F408C
:1061E0000000020000000042FC801F40EC821F40C3
:1061F000000001000000004224811F4014831F4062
:10620000000000040000004228811F4018831F4046
:1062100000000008000000421C811F400C831F404A
:10622000000000010000004220811F4010831F4039
:106230000000000200000042EC801F40DC821F4092
:106240000010000000000042F0801F40E0821F406C
:10625000002000000000004234811F4024831F40C2
:10626000000000400000004238811F4028831F408A
:10627000000000800080004294801F4084821F4004
:106280000000040000C0004290801F4080821F4038
:106290000000008000800042A8801F4098821F40BC
:1062A0000000800000800042A4801F4094821F40B4
:1062B00000004000004000426C811F405C831F4092
:1062C0000010000000C0004230801F4020821F40AC
:1062D0008000000000400042B0811F40A0831F40AA
:1062E0000000002000400042AC811F409C831F4002
:1062F000000000100040004284811F4074831F4052
:10630000000004000040004288811F4078831F4045
:1063100000000800000000422C811F401C831F4029
:10632000000000100000004230811F4020831F4009
:1063300000000020000000420C811F40FC821F4032
:10634000000010000000004210811F4000831F4029
:106350000000200000800042C8811F40B8831F4019
:106360000080000000800042C4811F40B4831F40B1
:106370000040000000800042C0811F40B0831F40E9
:106380000020000000800042BC811F40AC831F4001
:106390000010000000800042D0811F40C0831F40D9
:1063A0000000020000800042CC811F40BC831F40DF
:1063B0000000010000C0004274801F4064821F4042
:1063C0000000000100C0004280801F4070821F401A
:1063D0000000000800C0004284801F4074821F40FB
:1063E0000000001000C000426C801F405C821F4013
:1063F0000000400000C000427C801F406C821F40B3
:106400000000000400C0004278801F4068821F40E6
:106410000000000200C0004288801F4078821F40B8
:106420000000002035000000CEFBFFFFCB03000082
:10643000010000000000000034000000CEFBFFFF60
:10644000CB03000001000000000000000500000078
:10645000190000007D00000001010004010000049B
:10646000013201010132020101100101011101019A
:1064700001120102010302060103010601120202D8
:1064800002000001020200010201000102100001ED
:1064900002220001022300010000000000000000B1
:1064A00002210001022000010000000000000000A5
:1064B0000130010101310101010200040103000466
:1064C0000000000000000000012102010121010183
:1064D00000000000000000000000000001100201A8
:1064E0000000000000000000011301060113020675
:1064F000000000000000000000000000000000009C
:10650000010102010101010101000201010001017B
:106510000102020101020101000000000000000070
:106520000000000001230201000000000000000044
:10653000012001014C435F434F4C4C415445000046
:106540004C435F4354595045000000004C435F4D9D
:106550004F4E4554415259004C435F4E554D4552A4
:10656000494300004C435F54494D45004C435F4D47
:10657000455353414745530000010000487E002029
:106580001200000000060000841F00600A000000E6
:1065900000020000201F00606200000000070000F1
:1065A000BC1E006062000000EE030000847E00203C
:1065B00012000000000004EE5C7E002028000000B5
:1065C00000030000B81E0060000000000103090481
:1065D000A01E00600000000002030904881E006085
:1065E0000000000003030904987E00200000000062
:1065F00000000000000000000000000030303030DB
:10660000303030303030303030303030303030308A
:10661000303030303030303030303030000000003A
:1066200000000000000000008C860020F48600209E
:106630005C87002000000000000000000000000057
:10664000000000000000000000000000000000004A
:10665000000000000000000000000000000000003A
:10666000000000000000000000000000000000002A
:10667000000000000000000000000000000000001A
:10668000000000000000000000000000000000000A
:1066900000000000000000000000000000000000FA
:1066A00000000000000000000000000000000000EA
:1066B00000000000000000000000000001000000D9
:1066C000000000000E33CDAB34126DE6ECDE0500A9
:1066D0000B000000000000000000000000000000AF
:1066E00000000000000000000000000000000000AA
:1066F000000000000000000000000000000000009A
:106700000000000000000000000000000000000089
:106710000000000000000000000000000000000079
:106720000000000000000000000000000000000069
:106730000000000000000000000000000000000059
:10674000000000000029DE07007B9A17B403002038
:1067500000000000E8030000000000004C8600205C
:1067600080302020000000004300000000000000F6
:106770000000000000000000000000000000000019
:1067800000000000000000004300000000000000C6
:1067900000000000000000000000000000000000F9
:1067A00000000000000000004300000000000000A6
:1067B00000000000000000000000000000000000D9
:1067C0000000000000000000430000000000000086
:1067D00000000000000000000000000000000000B9
:1067E0000000000000000000430000000000000066
:1067F0000000000000000000000000000000000099
:106800000000000000000000430000000000000045
:106810000000000000000000000000000000000078
:106820000000000000000000430000000000000025
:106830000000000000000000000000000000000058
:106840000000000000000000797F0000B9AF0000E8
:1068500000000000F005002074070020E003002085
:10686000E0030020E0030020E0030020E00300201C
:10687000E0030020E0030020E0030020E00300200C
:10688000FFFFFFFFFFFFFFFFFFFFFFFFFFFF000016
:10689000010041534349490000000000000000008E
:1068A00000000000000000000000000000000000E8
:1068B000000041534349490000000000000000006F
:1068C00000000000000000000000000000000000C8
:1068D000000000000000000000000000287A0020F6
:1068E000287A0020307A0020307A0020387A002080
:1068F000387A0020407A0020407A0020487A002030
:10690000487A0020507A0020507A0020587A0020DF
:10691000587A0020607A0020607A0020687A00208F
:10692000687A0020707A0020707A0020787A00203F
:10693000787A0020807A0020807A0020887A0020EF
:10694000887A0020907A0020907A0020987A00209F
:10695000987A0020A07A0020A07A0020A87A00204F
:10696000A87A0020B07A0020B07A0020B87A0020FF
:10697000B87A0020C07A0020C07A0020C87A0020AF
:10698000C87A0020D07A0020D07A0020D87A00205F
:10699000D87A0020E07A0020E07A0020E87A00200F
:1069A000E87A0020F07A0020F07A0020F87A0020BF
:1069B000F87A0020007B0020007B0020087B00206C
:1069C000087B0020107B0020107B0020187B00201B
:1069D000187B0020207B0020207B0020287B0020CB
:1069E000287B0020307B0020307B0020387B00207B
:1069F000387B0020407B0020407B0020487B00202B
:106A0000487B0020507B0020507B0020587B0020DA
:106A1000587B0020607B0020607B0020687B00208A
:106A2000687B0020707B0020707B0020787B00203A
:106A3000787B0020807B0020807B0020887B0020EA
:106A4000887B0020907B0020907B0020987B00209A
:106A5000987B0020A07B0020A07B0020A87B00204A
:106A6000A87B0020B07B0020B07B0020B87B0020FA
:106A7000B87B0020C07B0020C07B0020C87B0020AA
:106A8000C87B0020D07B0020D07B0020D87B00205A
:106A9000D87B0020E07B0020E07B0020E87B00200A
:106AA000E87B0020F07B0020F07B0020F87B0020BA
:106AB000F87B0020007C0020007C0020087C002067
:106AC000087C0020107C0020107C0020187C002016
:106AD000187C0020207C0020207C0020287C0020C6
:106AE000287C0020307C0020307C0020387C002076
:106AF000387C0020407C0020407C0020487C002026
:106B0000487C0020507C0020507C0020587C0020D5
:106B1000587C0020607C0020607C0020687C002085
:106B2000687C0020707C0020707C0020787C002035
:106B3000787C0020807C0020807C0020887C0020E5
:106B4000887C0020907C0020907C0020987C002095
:106B5000987C0020A07C0020A07C0020A87C002045
:106B6000A87C0020B07C0020B07C0020B87C0020F5
:106B7000B87C0020C07C0020C07C0020C87C0020A5
:106B8000C87C0020D07C0020D07C0020D87C002055
:106B9000D87C0020E07C0020E07C0020E87C002005
:106BA000E87C0020F07C0020F07C0020F87C0020B5
:106BB000F87C0020007D0020007D0020087D002062
:106BC000087D0020107D0020107D0020187D002011
:106BD000187D0020207D0020207D0020287D0020C1
:106BE000287D0020307D0020307D0020387D002071
:106BF000387D0020407D0020407D0020487D002021
:106C0000487D0020507D0020507D0020587D0020D0
:106C1000587D0020607D0020607D0020687D002080
:106C2000687D0020707D0020707D0020787D002030
:106C3000787D0020807D0020807D0020887D0020E0
:106C4000887D0020907D0020907D0020987D002090
:106C5000987D0020A07D0020A07D0020A87D002040
:106C6000A87D0020B07D0020B07D0020B87D0020F0
:106C7000B87D0020C07D0020C07D0020C87D0020A0
:106C8000C87D0020D07D0020D07D0020D87D002050
:106C9000D87D0020E07D0020E07D0020E87D002000
:106CA000E87D0020F07D0020F07D0020F87D0020B0
:106CB000F87D0020007E0020007E0020087E00205D
:106CC000087E0020107E0020107E0020187E00200C
:106CD000187E0020207E0020207E0020FFFFFFFF86
:106CE0000000020000000000030000008C8600206D
:106CF0007877002012010002EF020140C0168304E1
:106D000080020102030100002800000000010400CD
:106D10000100000000000000020157494E55534297
:106D20000000000000000000000000000000000063
:106D300012034D0053004600540031003000300073
:106D4000F80000000C03000000000000000000003C
:106D5000000000000000000000000800000000002B
:106D60000000000000000000000000000000000023
:106D70000000000000000000000000000000000013
:106D80000000000000000000000000000000000003
:106D900000000000000000000000000000000000F3
:106DA00000000000000000000000000000000000E3
:106DB00000000000000000000000000000000000D3
:106DC00000000000000000000000000000000000C3
:106DD00000000000000000000000000000000000B3
:106DE00000000000000000000000000000000000A3
:106DF0000000000000000000000000000000000093
:106E00000000000000000000000000000000000082
:106E10000000000000000000000000000000000072
:106E20000000000000000000000000000000000062
:106E30000000000000000000000000000000000052
:106E40000000000000000000000000000000000042
:106E50000000000000000000000000000000000032
:106E60000000000000000000000000000000000022
:106E70000000000000000000000000000000000012
:106E80000000000000000000000000000000000002
:106E900000000000000000000000000000000000F2
:106EA00000000000000000000000000000000000E2
:106EB00000000000000000000000000000000000D2
:106EC00000000000000000000000000000000000C2
:106ED00000000000000000000000000000000000B2
:106EE00000000000000000000000000000000000A2
:106EF0000000000000000000000000000000000092
:106F00000000000000000000000000000000000081
:106F10000000000000000000000000000000000071
:106F20000000000000000000000000000000000061
:106F30000000000000000000000000000000000051
:106F40000000000000000000000000000000000041
:106F50000000000000000000000000000000000031
:106F60000000000000000000000000000000000021
:106F70000000000000000000000000000000000011
:106F80000000000000000000000000000000000001
:106F900000000000000000000000000000000000F1
:106FA00000000000000000000000000000000000E1
:106FB00000000000000000000000000000000000D1
:106FC00000000000000000000000000000000000C1
:106FD00000000000000000000000000000000000B1
:106FE00000000000000000000000000000000000A1
:106FF0000000000000000000000000000000000091
:107000000000000000000000000000000000000080
:107010000000000000000000000000000000000070
:107020000000000000000000000000000000000060
:107030000000000000000000000000000000000050
:107040000000000000000000000000000000000040
:107050000000000000000000000000000000000030
:107060000000000000000000000000000000000020
:107070000000000000000000000000000000000010
:107080000000000000000000000000000000000000
:1070900000000000000000000000000000000000F0
:1070A00000000000000000000000000000000000E0
:1070B00000000000000000000000000000000000D0
:1070C00000000000000000000000000000000000C0
:1070D00000000000000000000000000000000000B0
:1070E00000000000000000000000000000000000A0
:1070F0000000000000000000000000000000000090
:10710000000000000000000000000000000000007F
:10711000000000000000000000000000000000006F
:10712000000000000000000000000000000000005F
:10713000000000000000000000000000000000004F
:10714000000000000000000000000000000000003F
:10715000000000000000000000000000000000002F
:0C71600000000000000000000000000023
:10716C00FFFFFFFFFFFFFFFFFFFFFFFFFFFFFFFF23
:10717C00FFFFFFFFFFFFFFFFFFFFFFFFFFFFFFFF13
:10718C00FFFFFFFFFFFFFFFFFFFFFFFFFFFFFFFF03
:10719C00FFFFFFFFFFFFFFFFFFFFFFFFFFFFFFFFF3
:1071AC00FFFFFFFFFFFFFFFFFFFFFFFFFFFFFFFFE3
:1071BC00FFFFFFFFFFFFFFFFFFFFFFFFFFFFFFFFD3
:1071CC00FFFFFFFFFFFFFFFFFFFFFFFFFFFFFFFFC3
:1071DC00FFFFFFFFFFFFFFFFFFFFFFFFFFFFFFFFB3
:1071EC00FFFFFFFFFFFFFFFFFFFFFFFFFFFFFFFFA3
:1071FC00FFFFFFFFFFFFFFFFFFFFFFFFFFFFFFFF93
:10720C00FFFFFFFFFFFFFFFFFFFFFFFFFFFFFFFF82
:10721C00FFFFFFFFFFFFFFFFFFFFFFFFFFFFFFFF72
:10722C00FFFFFFFFFFFFFFFFFFFFFFFFFFFFFFFF62
:10723C00FFFFFFFFFFFFFFFFFFFFFFFFFFFFFFFF52
:10724C00FFFFFFFFFFFFFFFFFFFFFFFFFFFFFFFF42
:10725C00FFFFFFFFFFFFFFFFFFFFFFFFFFFFFFFF32
:10726C00FFFFFFFFFFFFFFFFFFFFFFFFFFFFFFFF22
:10727C00FFFFFFFFFFFFFFFFFFFFFFFFFFFFFFFF12
:10728C00FFFFFFFFFFFFFFFFFFFFFFFFFFFFFFFF02
:10729C00FFFFFFFFFFFFFFFFFFFFFFFFFFFFFFFFF2
:1072AC00FFFFFFFFFFFFFFFFFFFFFFFFFFFFFFFFE2
:1072BC00FFFFFFFFFFFFFFFFFFFFFFFFFFFFFFFFD2
:1072CC00FFFFFFFFFFFFFFFFFFFFFFFFFFFFFFFFC2
:1072DC00FFFFFFFFFFFFFFFFFFFFFFFFFFFFFFFFB2
:1072EC00FFFFFFFFFFFFFFFFFFFFFFFFFFFFFFFFA2
:1072FC00FFFFFFFFFFFFFFFFFFFFFFFFFFFFFFFF92
:10730C00FFFFFFFFFFFFFFFFFFFFFFFFFFFFFFFF81
:10731C00FFFFFFFFFFFFFFFFFFFFFFFFFFFFFFFF71
:10732C00FFFFFFFFFFFFFFFFFFFFFFFFFFFFFFFF61
:10733C00FFFFFFFFFFFFFFFFFFFFFFFFFFFFFFFF51
:10734C00FFFFFFFFFFFFFFFFFFFFFFFFFFFFFFFF41
:10735C00FFFFFFFFFFFFFFFFFFFFFFFFFFFFFFFF31
:10736C00FFFFFFFFFFFFFFFFFFFFFFFFFFFFFFFF21
:10737C00FFFFFFFFFFFFFFFFFFFFFFFFFFFFFFFF11
:10738C00FFFFFFFFFFFFFFFFFFFFFFFFFFFFFFFF01
:10739C00FFFFFFFFFFFFFFFFFFFFFFFFFFFFFFFFF1
:1073AC00FFFFFFFFFFFFFFFFFFFFFFFFFFFFFFFFE1
:1073BC00FFFFFFFFFFFFFFFFFFFFFFFFFFFFFFFFD1
:1073CC00FFFFFFFFFFFFFFFFFFFFFFFFFFFFFFFFC1
:1073DC00FFFFFFFFFFFFFFFFFFFFFFFFFFFFFFFFB1
:1073EC00FFFFFFFFFFFFFFFFFFFFFFFFFFFFFFFFA1
:1073FC00FFFFFFFF00000000000000000000000085
:10740C000000000000000000000000000000000070
:10741C000000000000000000000000000000000060
:10742C000000000000000000000000000000000050
:10743C000000000000000000000000000000000040
:10744C000000000000000000000000000000000030
:10745C000000000000000000000000000000000020
:10746C000000000000000000000000000000000010
:10747C000000000000000000000000000000000000
:10748C0000000000000000000000000000000000F0
:10749C0000000000000000000000000000000000E0
:1074AC0000000000000000000000000000000000D0
:1074BC0000000000000000000000000000000000C0
:1074CC0000000000000000000000000000000000B0
:1074DC0000000000000000000000000000000000A0
:1074EC000000000000000000000000000000000090
:1074FC000000000000000000000000000000000080
:10750C00000000000000000000000000000000006F
:10751C00000000000000000000000000000000005F
:10752C00000000000000000000000000000000004F
:10753C00000000000000000000000000000000003F
:10754C00000000000000000000000000000000002F
:10755C00000000000000000000000000000000001F
:10756C00000000000000000000000000000000000F
:10757C0000000000000000000000000000000000FF
:10758C0000000000000000000000000000000000EF
:10759C0000000000000000000000000000000000DF
:1075AC0000000000000000000000000000000000CF
:1075BC0000000000000000000000000000000000BF
:1075CC0000000000000000000000000000000000AF
:1075DC00000000000000000000000000000000009F
:1075EC00000000000000000000000000000000008F
:1075FC00000000000000000000000000000000007F
:10760C00000000000000000000000000000000006E
:10761C00000000000000000000000000000000005E
:10762C00000000000000000000000000000000004E
:10763C00000000000000000000000000000000003E
:10764C00000000000000000000000000000000002E
:10765C00000000000000000000000000000000001E
:10766C00000000000000000000000000000000000E
:10767C0000000000000000000000000000000000FE
:10768C0000000000000000000000000000000000EE
:10769C0000000000000000000000000000000000DE
:1076AC0000000000000000000000000000000000CE
:1076BC0000000000000000000000000000000000BE
:1076CC0000000000000000000000000000000000AE
:1076DC00000000000000000000000000000000009E
:1076EC00000000000000000000000000000000008E
:1076FC00000000000000000000000000000000007E
:10770C00000000000000000000000000000000006D
:10771C00000000000000000000000000000000005D
:10772C00000000000000000000000000000000004D
:10773C00000000000000000000000000000000003D
:10774C00000000000000000000000000000000002D
:10775C00000000000000000000000000000000001D
:10776C00000000000000000000000000000000000D
:10777C0000000000000000000000000000000000FD
:10778C0000000000000000000000000000000000ED
:10779C0000000000000000000000000000000000DD
:1077AC0000000000000000000000000000000000CD
:1077BC0000000000000000000000000000000000BD
:1077CC0000000000000000000000000000000000AD
:1077DC00000000000000000000000000000000009D
:1077EC00000000000000000000000000000000008D
:1077FC00000000000000000000000000000000007D
:10780C00000000000000000000000000000000006C
:10781C00000000000000000000000000000000005C
:10782C00000000000000000000000000000000004C
:10783C00000000000000000000000000000000003C
:10784C00000000000000000000000000000000002C
:10785C00000000000000000000000000000000001C
:10786C00000000000000000000000000000000000C
:10787C0000000000000000000000000000000000FC
:10788C0000000000000000000000000000000000EC
:10789C0000000000000000000000000000000000DC
:1078AC0000000000000000000000000000000000CC
:1078BC0000000000000000000000000000000000BC
:1078CC0000000000000000000000000000000000AC
:1078DC00000000000000000000000000000000009C
:1078EC00000000000000000000000000000000008C
:1078FC00000000000000000000000000000000007C
:10790C00000000000000000000000000000000006B
:10791C00000000000000000000000000000000005B
:10792C00000000000000000000000000000000004B
:10793C00000000000000000000000000000000003B
:10794C00000000000000000000000000000000002B
:10795C00000000000000000000000000000000001B
:10796C00000000000000000000000000000000000B
:10797C0000000000000000000000000000000000FB
:10798C0000000000000000000000000000000000EB
:10799C0000000000000000000000000000000000DB
:1079AC0000000000000000000000000000000000CB
:1079BC0000000000000000000000000000000000BB
:1079CC0000000000000000000000000000000000AB
:1079DC00000000000000000000000000000000009B
:1079EC00000000000000000000000000000000008B
:1079FC00000000000000000000000000000000007B
:107A0C00000000000000000000000000000000006A
:107A1C00000000000000000000000000000000005A
:107A2C00000000000000000000000000000000004A
:107A3C00000000000000000000000000000000003A
:107A4C00000000000000000000000000000000002A
:107A5C00000000000000000000000000000000001A
:107A6C00000000000000000000000000000000000A
:107A7C0000000000000000000000000000000000FA
:107A8C0000000000000000000000000000000000EA
:107A9C0000000000000000000000000000000000DA
:107AAC0000000000000000000000000000000000CA
:107ABC0000000000000000000000000000000000BA
:107ACC0000000000000000000000000000000000AA
:107ADC00000000000000000000000000000000009A
:107AEC00000000000000000000000000000000008A
:107AFC00000000000000000000000000000000007A
:107B0C000000000000000000000000000000000069
:107B1C000000000000000000000000000000000059
:107B2C000000000000000000000000000000000049
:107B3C000000000000000000000000000000000039
:107B4C000000000000000000000000000000000029
:107B5C000000000000000000000000000000000019
:107B6C000000000000000000000000000000000009
:107B7C0000000000000000000000000000000000F9
:107B8C0000000000000000000000000000000000E9
:107B9C0000000000000000000000000000000000D9
:107BAC0000000000000000000000000000000000C9
:107BBC0000000000000000000000000000000000B9
:107BCC0000000000000000000000000000000000A9
:107BDC000000000000000000000000000000000099
:107BEC000000000000000000000000000000000089
:107BFC000000000000000000000000000000000079
:107C0C000000000000000000000000000000000068
:107C1C000000000000000000000000000000000058
:107C2C000000000000000000000000000000000048
:107C3C000000000000000000000000000000000038
:107C4C000000000000000000000000000000000028
:107C5C000000000000000000000000000000000018
:107C6C000000000000000000000000000000000008
:107C7C0000000000000000000000000000000000F8
:107C8C0000000000000000000000000000000000E8
:107C9C0000000000000000000000000000000000D8
:107CAC0000000000000000000000000000000000C8
:107CBC0000000000000000000000000000000000B8
:107CCC0000000000000000000000000000000000A8
:107CDC000000000000000000000000000000000098
:107CEC000000000000000000000000000000000088
:107CFC000000000000000000000000000000000078
:107D0C000000000000000000000000000000000067
:107D1C000000000000000000000000000000000057
:107D2C000000000000000000000000000000000047
:107D3C000000000000000000000000000000000037
:107D4C000000000000000000000000000000000027
:107D5C000000000000000000000000000000000017
:107D6C000000000000000000000000000000000007
:107D7C0000000000000000000000000000000000F7
:107D8C0000000000000000000000000000000000E7
:107D9C0000000000000000000000000000000000D7
:107DAC0000000000000000000000000000000000C7
:107DBC0000000000000000000000000000000000B7
:107DCC0000000000000000000000000000000000A7
:107DDC000000000000000000000000000000000097
:107DEC000000000000000000000000000000000087
:107DFC000000000000000000000000000000000077
:107E0C000000000000000000000000000000000066
:107E1C000000000000000000000000000000000056
:107E2C000000000000000000000000000000000046
:107E3C000000000000000000000000000000000036
:107E4C000000000000000000000000000000000026
:107E5C000000000000000000000000000000000016
:107E6C000000000000000000000000000000000006
:107E7C0000000000000000000000000000000000F6
:107E8C0000000000000000000000000000000000E6
:107E9C0000000000000000000000000000000000D6
:107EAC0000000000000000000000000000000000C6
:107EBC0000000000000000000000000000000000B6
:107ECC0000000000000000000000000000000000A6
:107EDC000000000000000000000000000000000096
:107EEC000000000000000000000000000000000086
:107EFC000000000000000000000000000000000076
:107F0C000000000000000000000000000000000065
:107F1C000000000000000000000000000000000055
:107F2C000000000000000000000000000000000045
:107F3C000000000000000000000000000000000035
:107F4C000000000000000000000000000000000025
:107F5C000000000000000000000000000000000015
:107F6C000000000000000000000000000000000005
:107F7C0000000000000000000000000000000000F5
:107F8C0000000000000000000000000000000000E5
:107F9C0000000000000000000000000000000000D5
:107FAC0000000000000000000000000000000000C5
:107FBC0000000000000000000000000000000000B5
:107FCC0000000000000000000000000000000000A5
:107FDC000000000000000000000000000000000095
:107FEC000000000000000000000000000000000085
:047FFC000000000081
:040000056000100087
:00000001FF
